--INSERT users
insert into users (id, name, password, email, photo, reg_time, is_moderator) values (1, 'Liam', '$2a$10$XR/zQU8iZE4wfabkaRKc8uK9oDAiibFrzlH/S0OfWJQP2z7/7y4d2', 'liam@gmail.com', '/src/main/resources/uploads/default-1.png', '2019-06-24 15:00:46', 1);
insert into users (id, name, password, email, photo, reg_time, is_moderator) values (2, 'Noah', '12345', 'noah@gmail.com', '/src/main/resources/uploads/default-2.png', '2020-01-11 04:37:57', 0);
insert into users (id, name, password, email, photo, reg_time, is_moderator) values (3, 'Mason', '12345', 'mason2@gmail.com', '/src/main/resources/uploads/default-2.png', '2020-04-02 14:31:24', 1);
insert into users (id, name, password, email, photo, reg_time, is_moderator) values (4, 'Emma', '12345', 'emma@gmail.org', '/src/main/resources/uploads/default-2.png', '2019-05-21 04:23:40', 0);
insert into users (id, name, password, email, photo, reg_time, is_moderator) values (5, 'Olivia', '12345', 'olivia@gmail.com', '/src/main/resources/uploads/default-2.png', '2020-02-14 05:43:55', 0);
insert into users (id, name, password, email, photo, reg_time, is_moderator) values (6, 'Ava', '12345', 'ava@gmail.com', '/src/main/resources/uploads/default-2.png', '2020-01-06 22:28:28', 0);
insert into users (id, name, password, email, photo, reg_time, is_moderator) values (7, 'Lucas', '12345', 'lucas@gmail.com', '/src/main/resources/uploads/default-2.png', '2019-08-13 05:46:33', 0);
insert into users (id, name, password, email, photo, reg_time, is_moderator) values (8, 'James', '12345', 'james@gmail.com', '/src/main/resources/uploads/default-2.png', '2019-04-24 20:29:40', 1);
insert into users (id, name, password, email, photo, reg_time, is_moderator) values (9, 'Harper', '12345', 'harper@gmail.com', '/src/main/resources/uploads/default-2.png', '2020-01-21 04:04:50', 0);
insert into users (id, name, password, email, photo, reg_time, is_moderator) values (10, 'Max', '12345', 'max@gmail.com', '/src/main/resources/uploads/default-2.png', '2019-09-12 15:59:11', 0);
insert into users (id, name, password, email, photo, reg_time, is_moderator) values (11, 'Ronica', '12345', 'ronica@gmail.com', '/src/main/resources/uploads/default-2.png', '2019-12-10 05:57:20', 0);
insert into users (id, name, password, email, photo, reg_time, is_moderator) values (12, 'Griffin', '12345', 'griffin@gmail.com', '/src/main/resources/uploads/default-2.png', '2019-04-30 07:47:34', 1);
insert into users (id, name, password, email, photo, reg_time, is_moderator) values (13, 'Babara', '12345', 'babara@yahoo.com', '/src/main/resources/uploads/default-2.png', '2019-06-05 09:08:15', 0);
insert into users (id, name, password, email, photo, reg_time, is_moderator) values (14, 'Tobye', '12345', 'tobye@yahoo.com', '/src/main/resources/uploads/default-2.png', '2019-04-14 18:16:13', 1);
insert into users (id, name, password, email, photo, reg_time, is_moderator) values (15, 'Alanson', '12345', 'alanson@yahoo.com', '/src/main/resources/uploads/default-2.png', '2019-09-29 13:22:55', 1);
insert into users (id, name, password, email, photo, reg_time, is_moderator) values (16, 'Lyndel', '12345', 'lyndel@yahoo.com', '/src/main/resources/uploads/default-2.png', '2019-11-21 07:41:32', 1);
insert into users (id, name, password, email, photo, reg_time, is_moderator) values (17, 'Wrennie', '12345', 'wrennie@yahoo.com', '/src/main/resources/uploads/default-2.png', '2019-05-31 02:35:04', 0);
insert into users (id, name, password, email, photo, reg_time, is_moderator) values (18, 'Wyatt', '12345', 'wyatt@yahoo.com', '/src/main/resources/uploads/default-2.png', '2020-02-15 22:17:05', 1);
insert into users (id, name, password, email, photo, reg_time, is_moderator) values (19, 'Grace', '12345', 'grace@yahoo.com', '/src/main/resources/uploads/default-2.png', '2019-08-05 11:25:50', 0);
insert into users (id, name, password, email, photo, reg_time, is_moderator) values (20, 'Karleen', '12345', 'karleen@yahoo.com', '/src/main/resources/uploads/default-2.png', '2019-09-06 02:18:07', 0);
insert into users (id, name, password, email, photo, reg_time, is_moderator) values (21, 'Sofia', '12345', 'sofia@yahoo.com', '/src/main/resources/uploads/default-2.png', '2019-10-16 03:34:31', 1);
insert into users (id, name, password, email, photo, reg_time, is_moderator) values (22, 'Gennadiy', '12345', 'gennadiy@yandex.ru', '/src/main/resources/uploads/default-2.png', '2019-07-04 22:40:53', 1);
insert into users (id, name, password, email, photo, reg_time, is_moderator) values (23, 'Elena', '12345', 'elena@yandex.ru', '/src/main/resources/uploads/default-2.png', '2019-04-25 14:48:47', 1);
insert into users (id, name, password, email, photo, reg_time, is_moderator) values (24, 'Grigoriy', '12345', 'grigoriy@yandex.ru', '/src/main/resources/uploads/default-2.png', '2019-10-13 08:42:53', 0);
insert into users (id, name, password, email, photo, reg_time, is_moderator) values (25, 'Stanislav', '12345', 'stanislav@yandex.ru', '/src/main/resources/uploads/default-2.png', '2019-10-14 22:23:26', 0);
insert into users (id, name, password, email, photo, reg_time, is_moderator) values (26, 'Vladimir', '12345', 'vladimir@yandex.ru', '/src/main/resources/uploads/default-2.png', '2019-06-27 00:48:39', 0);
insert into users (id, name, password, email, photo, reg_time, is_moderator) values (27, 'Maya', '12345', 'maya@yandex.ru', '/src/main/resources/uploads/default-2.png', '2019-11-17 20:34:14', 0);
insert into users (id, name, password, email, photo, reg_time, is_moderator) values (28, 'Victoria', '12345', 'victoria@yandex.ru', '/src/main/resources/uploads/default-2.png', '2020-01-26 23:10:00', 0);
insert into users (id, name, password, email, photo, reg_time, is_moderator) values (29, 'Xenia', '12345', 'xenia@yandex.ru', '/src/main/resources/uploads/default-2.png', '2019-08-03 18:05:33', 0);
insert into users (id, name, password, email, photo, reg_time, is_moderator) values (30, 'Kostya', '$2a$10$gbfXbW7o7fgVZUJAf6TGpOskmGv1f.QiwDfjqlbbenuXXsIFFSBii', 'kot@mail.com', '/src/main/resources/uploads/default-1.png', '2020-01-20 16:13:25', 1);


--INSERT posts
insert into posts (id, is_active, moderation_status, text, time, title, user_id, view_count, moderator_id) values (1, 1, 'ACCEPTED', 'odio elementum eu interdum eu tincidunt in leo maecenas pulvinar lobortis est phasellus sit amet erat nulla tempus vivamus in felis eu sapien cursus vestibulum proin eu mi nulla ac enim in tempor turpis', '2020-03-18 16:53:34', 'nulla ut erat id mauris', 24, 30, 31);
insert into posts (id, is_active, moderation_status, text, time, title, user_id, view_count, moderator_id) values (2, 0, 'DECLINED', 'nulla neque libero convallis eget eleifend luctus ultricies eu nibh quisque id justo sit amet sapien dignissim vestibulum vestibulum ante ipsum primis in faucibus orci luctus et ultrices posuere cubilia curae nulla dapibus dolor vel est donec odio justo sollicitudin ut suscipit a feugiat et eros vestibulum', '2020-02-27 15:30:18', 'leo rhoncus sed vestibulum', 26, 60, 31);
insert into posts (id, is_active, moderation_status, text, time, title, user_id, view_count, moderator_id) values (3, 1, 'NEW', 'at dolor quis odio consequat varius integer ac leo pellentesque ultrices mattis odio donec vitae nisi nam ultrices libero non mattis pulvinar nulla pede ullamcorper augue a suscipit nulla elit ac nulla sed vel enim sit amet nunc viverra dapibus nulla suscipit ligula in', '2019-09-22 18:07:02', 'posuere metus vitae ipsum aliquam', 9, 48, null);
insert into posts (id, is_active, moderation_status, text, time, title, user_id, view_count, moderator_id) values (4, 0, 'ACCEPTED', 'a nibh in quis justo maecenas rhoncus aliquam lacus morbi quis tortor id nulla ultrices aliquet maecenas leo odio condimentum id luctus nec molestie sed justo pellentesque viverra pede ac diam cras pellentesque volutpat dui maecenas tristique est et tempus semper est quam pharetra magna ac consequat metus sapien', '2019-08-04 04:45:47', 'in purus eu magna', 25, 54, 31);
insert into posts (id, is_active, moderation_status, text, time, title, user_id, view_count, moderator_id) values (5, 1, 'ACCEPTED', 'lectus vestibulum quam sapien varius ut blandit non interdum in ante vestibulum ante ipsum primis in faucibus orci luctus et ultrices posuere cubilia curae duis faucibus accumsan odio curabitur convallis duis consequat dui nec nisi volutpat eleifend donec ut dolor morbi vel', '2019-06-14 03:44:18', 'platea dictumst aliquam augue', 22, 38, 31);
insert into posts (id, is_active, moderation_status, text, time, title, user_id, view_count, moderator_id) values (6, 1, 'NEW', 'consequat metus sapien ut nunc vestibulum ante ipsum primis in faucibus orci luctus et ultrices posuere cubilia curae mauris viverra diam vitae quam suspendisse potenti nullam porttitor lacus at turpis donec posuere metus', '2019-06-19 20:15:29', 'at turpis donec posuere', 16, 28, null);
insert into posts (id, is_active, moderation_status, text, time, title, user_id, view_count, moderator_id) values (7, 1, 'ACCEPTED', 'est et tempus semper est quam pharetra magna ac consequat metus sapien ut nunc vestibulum ante ipsum primis in faucibus orci luctus et ultrices posuere cubilia curae mauris viverra diam vitae quam suspendisse potenti nullam porttitor lacus at turpis donec posuere metus vitae ipsum aliquam non mauris morbi', '2019-12-13 04:06:07', 'fusce congue diam id ornare', 2, 32, 31);
insert into posts (id, is_active, moderation_status, text, time, title, user_id, view_count, moderator_id) values (8, 1, 'ACCEPTED', 'massa quis augue luctus tincidunt nulla mollis molestie lorem quisque ut erat curabitur gravida nisi at nibh in hac habitasse platea dictumst aliquam augue quam sollicitudin vitae consectetuer eget rutrum at lorem integer tincidunt ante vel ipsum praesent blandit lacinia erat vestibulum sed magna at nunc commodo placerat praesent', '2019-05-23 20:34:07', 'ipsum aliquam non mauris morbi', 22, 47, 31);
insert into posts (id, is_active, moderation_status, text, time, title, user_id, view_count, moderator_id) values (9, 1, 'DECLINED', 'fringilla rhoncus mauris enim leo rhoncus sed vestibulum sit amet cursus id turpis integer aliquet massa id lobortis convallis tortor risus dapibus augue vel accumsan tellus nisi eu orci mauris lacinia', '2020-01-31 09:28:13', 'mi nulla ac enim in', 10, 52, 31);
insert into posts (id, is_active, moderation_status, text, time, title, user_id, view_count, moderator_id) values (10, 0, 'NEW', 'donec posuere metus vitae ipsum aliquam non mauris morbi non lectus aliquam sit amet diam in magna bibendum imperdiet nullam orci pede venenatis non sodales sed tincidunt eu felis fusce posuere felis', '2019-12-11 13:02:10', 'praesent id massa id nisl', 18, 51, null);
insert into posts (id, is_active, moderation_status, text, time, title, user_id, view_count, moderator_id) values (11, 1, 'ACCEPTED', 'justo in blandit ultrices enim lorem ipsum dolor sit amet consectetuer adipiscing elit proin interdum mauris non ligula pellentesque ultrices phasellus id sapien in sapien iaculis congue vivamus metus arcu adipiscing molestie hendrerit at vulputate vitae nisl aenean lectus pellentesque eget nunc donec', '2019-10-14 18:21:57', 'suspendisse potenti cras in', 21, 36, 31);
insert into posts (id, is_active, moderation_status, text, time, title, user_id, view_count, moderator_id) values (12, 1, 'NEW', 'ac diam cras pellentesque volutpat dui maecenas tristique est et tempus semper est quam pharetra magna ac consequat metus sapien ut nunc vestibulum ante ipsum primis in faucibus orci luctus et ultrices posuere cubilia curae mauris viverra diam', '2019-07-04 02:47:05', 'nulla eget eros elementum', 29, 10, null);
insert into posts (id, is_active, moderation_status, text, time, title, user_id, view_count, moderator_id) values (13, 0, 'ACCEPTED', 'quis justo maecenas rhoncus aliquam lacus morbi quis tortor id nulla ultrices aliquet maecenas leo odio condimentum id luctus nec molestie sed justo pellentesque viverra pede ac diam cras pellentesque volutpat dui maecenas tristique est et tempus semper est quam pharetra magna ac consequat metus sapien ut', '2019-10-22 06:17:35', 'in hac habitasse platea', 14, 43, 31);
insert into posts (id, is_active, moderation_status, text, time, title, user_id, view_count, moderator_id) values (14, 0, 'NEW', 'convallis duis consequat dui nec nisi volutpat eleifend donec ut dolor morbi vel lectus in quam fringilla rhoncus mauris enim leo rhoncus sed vestibulum sit amet cursus id turpis integer aliquet massa', '2020-01-25 14:05:33', 'in lacus curabitur at ipsum', 11, 52, null);
insert into posts (id, is_active, moderation_status, text, time, title, user_id, view_count, moderator_id) values (15, 1, 'ACCEPTED', 'montes nascetur ridiculus mus etiam vel augue vestibulum rutrum rutrum neque aenean auctor gravida sem praesent id massa id nisl venenatis lacinia aenean sit amet justo morbi ut odio cras mi pede malesuada in imperdiet', '2019-09-18 15:10:47', 'blandit non interdum in ante', 23, 45, 31);
insert into posts (id, is_active, moderation_status, text, time, title, user_id, view_count, moderator_id) values (16, 0, 'NEW', 'turpis adipiscing lorem vitae mattis nibh ligula nec sem duis aliquam convallis nunc proin at turpis a pede posuere nonummy integer non velit donec diam neque vestibulum eget vulputate ut ultrices vel augue vestibulum ante ipsum primis in faucibus orci luctus et ultrices', '2019-10-24 17:56:56', 'at nibh in hac habitasse', 2, 51, null);
insert into posts (id, is_active, moderation_status, text, time, title, user_id, view_count, moderator_id) values (17, 1, 'ACCEPTED', 'magna vulputate luctus cum sociis natoque penatibus et magnis dis parturient montes nascetur ridiculus mus vivamus vestibulum sagittis sapien cum sociis natoque penatibus et magnis dis parturient montes nascetur ridiculus mus etiam vel augue vestibulum rutrum rutrum neque aenean', '2019-06-26 17:18:11', 'enim leo rhoncus sed', 8, 0, 31);
insert into posts (id, is_active, moderation_status, text, time, title, user_id, view_count, moderator_id) values (18, 1, 'ACCEPTED', 'nec nisi vulputate nonummy maecenas tincidunt lacus at velit vivamus vel nulla eget eros elementum pellentesque quisque porta volutpat erat quisque erat eros viverra eget congue eget semper rutrum nulla nunc purus phasellus in felis donec semper sapien', '2020-04-01 16:38:21', 'sapien ut nunc vestibulum', 1, 17, 31);
insert into posts (id, is_active, moderation_status, text, time, title, user_id, view_count, moderator_id) values (19, 1, 'ACCEPTED', 'dapibus augue vel accumsan tellus nisi eu orci mauris lacinia sapien quis libero nullam sit amet turpis elementum ligula vehicula consequat morbi a ipsum integer a nibh in quis justo maecenas rhoncus aliquam lacus morbi quis tortor id nulla ultrices', '2020-01-16 18:47:11', 'donec posuere metus vitae ipsum', 1, 7, 31);
insert into posts (id, is_active, moderation_status, text, time, title, user_id, view_count, moderator_id) values (20, 1, 'DECLINED', 'congue diam id ornare imperdiet sapien urna pretium nisl ut volutpat sapien arcu sed augue aliquam erat volutpat in congue etiam justo etiam pretium iaculis justo in hac habitasse platea dictumst etiam faucibus cursus urna ut tellus nulla ut erat id mauris vulputate elementum nullam varius nulla facilisi cras', '2020-01-31 23:19:24', 'turpis sed ante vivamus', 21, 29, 31);
insert into posts (id, is_active, moderation_status, text, time, title, user_id, view_count, moderator_id) values (21, 1, 'ACCEPTED', 'donec diam neque vestibulum eget vulputate ut ultrices vel augue vestibulum ante ipsum primis in faucibus orci luctus et ultrices posuere cubilia curae donec pharetra magna vestibulum aliquet ultrices erat tortor sollicitudin mi sit amet lobortis sapien', '2019-11-06 15:12:06', 'vivamus tortor duis mattis', 18, 57, 31);
insert into posts (id, is_active, moderation_status, text, time, title, user_id, view_count, moderator_id) values (22, 0, 'ACCEPTED', 'non sodales sed tincidunt eu felis fusce posuere felis sed lacus morbi sem mauris laoreet ut rhoncus aliquet pulvinar sed nisl nunc rhoncus dui vel sem sed sagittis nam congue risus semper porta volutpat quam', '2019-08-29 02:42:33', 'tellus in sagittis dui vel', 3, 44, 3);
insert into posts (id, is_active, moderation_status, text, time, title, user_id, view_count, moderator_id) values (23, 0, 'NEW', 'neque duis bibendum morbi non quam nec dui luctus rutrum nulla tellus in sagittis dui vel nisl duis ac nibh fusce lacus purus aliquet at feugiat non pretium quis lectus suspendisse potenti in eleifend quam a odio in hac habitasse platea dictumst maecenas ut massa quis augue luctus', '2019-11-01 04:04:10', 'vel augue vestibulum ante ipsum', 30, 41, null);
insert into posts (id, is_active, moderation_status, text, time, title, user_id, view_count, moderator_id) values (24, 0, 'ACCEPTED', 'semper rutrum nulla nunc purus phasellus in felis donec semper sapien a libero nam dui proin leo odio porttitor id consequat in consequat ut nulla sed accumsan felis ut at dolor quis odio consequat varius integer ac leo pellentesque ultrices mattis odio donec', '2019-10-02 18:42:01', 'potenti in eleifend quam', 7, 18, 31);
insert into posts (id, is_active, moderation_status, text, time, title, user_id, view_count, moderator_id) values (25, 1, 'ACCEPTED', 'consequat dui nec nisi volutpat eleifend donec ut dolor morbi vel lectus in quam fringilla rhoncus mauris enim leo rhoncus sed vestibulum sit amet cursus id turpis integer aliquet massa id lobortis convallis tortor risus dapibus augue vel', '2019-07-30 08:41:46', 'in lacus curabitur at ipsum', 14, 33, 31);
insert into posts (id, is_active, moderation_status, text, time, title, user_id, view_count, moderator_id) values (26, 0, 'ACCEPTED', 'consequat ut nulla sed accumsan felis ut at dolor quis odio consequat varius integer ac leo pellentesque ultrices mattis odio donec vitae nisi nam ultrices libero non mattis pulvinar nulla pede ullamcorper augue a suscipit nulla elit ac nulla sed vel enim', '2019-07-09 22:09:24', 'magna at nunc commodo', 12, 23, 31);
insert into posts (id, is_active, moderation_status, text, time, title, user_id, view_count, moderator_id) values (27, 0, 'NEW', 'morbi quis tortor id nulla ultrices aliquet maecenas leo odio condimentum id luctus nec molestie sed justo pellentesque viverra pede ac diam cras pellentesque volutpat dui maecenas tristique est et tempus semper est quam pharetra magna ac consequat metus sapien ut nunc vestibulum ante ipsum primis in faucibus', '2019-09-17 08:24:19', 'eros suspendisse accumsan tortor', 19, 40, null);
insert into posts (id, is_active, moderation_status, text, time, title, user_id, view_count, moderator_id) values (28, 0, 'ACCEPTED', 'in magna bibendum imperdiet nullam orci pede venenatis non sodales sed tincidunt eu felis fusce posuere felis sed lacus morbi sem mauris laoreet ut rhoncus aliquet pulvinar sed nisl nunc rhoncus dui vel sem sed sagittis nam congue risus semper', '2019-10-29 05:06:21', 'pretium iaculis justo in', 27, 18, 31);
insert into posts (id, is_active, moderation_status, text, time, title, user_id, view_count, moderator_id) values (29, 1, 'ACCEPTED', 'orci nullam molestie nibh in lectus pellentesque at nulla suspendisse potenti cras in purus eu magna vulputate luctus cum sociis natoque penatibus et magnis dis parturient montes nascetur ridiculus mus vivamus vestibulum sagittis sapien cum sociis natoque penatibus et magnis dis parturient montes nascetur ridiculus mus etiam vel', '2019-05-23 09:19:39', 'eros elementum pellentesque quisque porta', 19, 7, 3);
insert into posts (id, is_active, moderation_status, text, time, title, user_id, view_count, moderator_id) values (30, 1, 'DECLINED', 'porta volutpat erat quisque erat eros viverra eget congue eget semper rutrum nulla nunc purus phasellus in felis donec semper sapien a libero nam dui proin leo odio porttitor id consequat in consequat', '2019-05-20 14:17:14', 'nam ultrices libero non mattis', 6, 20, 31);
insert into posts (id, is_active, moderation_status, text, time, title, user_id, view_count, moderator_id) values (31, 0, 'ACCEPTED', 'dolor morbi vel lectus in quam fringilla rhoncus mauris enim leo rhoncus sed vestibulum sit amet cursus id turpis integer aliquet massa id lobortis convallis tortor risus dapibus augue vel accumsan tellus nisi eu orci mauris lacinia sapien quis libero nullam sit amet turpis elementum ligula vehicula consequat morbi', '2019-04-08 08:00:47', 'enim leo rhoncus sed', 10, 53, 31);
insert into posts (id, is_active, moderation_status, text, time, title, user_id, view_count, moderator_id) values (32, 1, 'ACCEPTED', 'nulla ut erat id mauris vulputate elementum nullam varius nulla facilisi cras non velit nec nisi vulputate nonummy maecenas tincidunt lacus at velit vivamus vel nulla eget eros elementum pellentesque quisque porta volutpat erat quisque erat eros viverra eget congue eget semper rutrum nulla nunc', '2020-03-12 06:34:26', 'odio curabitur convallis duis consequat', 25, 49, 31);
insert into posts (id, is_active, moderation_status, text, time, title, user_id, view_count, moderator_id) values (33, 1, 'DECLINED', 'et ultrices posuere cubilia curae nulla dapibus dolor vel est donec odio justo sollicitudin ut suscipit a feugiat et eros vestibulum ac est lacinia nisi venenatis tristique fusce congue diam id ornare imperdiet sapien urna pretium nisl ut volutpat sapien arcu sed augue aliquam erat volutpat', '2019-05-13 07:54:15', 'molestie lorem quisque ut erat', 3, 31, 3);
insert into posts (id, is_active, moderation_status, text, time, title, user_id, view_count, moderator_id) values (34, 1, 'ACCEPTED', 'et magnis dis parturient montes nascetur ridiculus mus etiam vel augue vestibulum rutrum rutrum neque aenean auctor gravida sem praesent id massa id nisl venenatis lacinia aenean sit amet justo morbi ut odio cras mi pede malesuada in imperdiet et commodo', '2019-05-12 01:15:24', 'dapibus augue vel accumsan', 18, 21, 31);
insert into posts (id, is_active, moderation_status, text, time, title, user_id, view_count, moderator_id) values (35, 1, 'DECLINED', 'ante vel ipsum praesent blandit lacinia erat vestibulum sed magna at nunc commodo placerat praesent blandit nam nulla integer pede justo lacinia eget tincidunt eget tempus vel pede morbi porttitor lorem id ligula suspendisse ornare consequat lectus in est', '2019-11-15 23:09:22', 'vestibulum proin eu mi nulla', 4, 19, 31);
insert into posts (id, is_active, moderation_status, text, time, title, user_id, view_count, moderator_id) values (36, 0, 'ACCEPTED', 'nibh ligula nec sem duis aliquam convallis nunc proin at turpis a pede posuere nonummy integer non velit donec diam neque vestibulum eget vulputate ut ultrices vel augue vestibulum ante ipsum primis', '2019-11-08 21:45:22', 'tincidunt nulla mollis molestie', 12, 25, 31);
insert into posts (id, is_active, moderation_status, text, time, title, user_id, view_count, moderator_id) values (37, 0, 'NEW', 'suspendisse potenti cras in purus eu magna vulputate luctus cum sociis natoque penatibus et magnis dis parturient montes nascetur ridiculus mus vivamus vestibulum sagittis sapien cum sociis natoque penatibus et magnis dis parturient montes nascetur ridiculus mus etiam', '2019-04-12 17:09:41', 'pellentesque volutpat dui maecenas tristique', 2, 2, null);
insert into posts (id, is_active, moderation_status, text, time, title, user_id, view_count, moderator_id) values (38, 1, 'ACCEPTED', 'donec quis orci eget orci vehicula condimentum curabitur in libero ut massa volutpat convallis morbi odio odio elementum eu interdum eu tincidunt in leo maecenas pulvinar lobortis est phasellus sit amet erat nulla tempus vivamus', '2019-08-20 23:06:36', 'turpis integer aliquet massa id', 7, 0, 31);
insert into posts (id, is_active, moderation_status, text, time, title, user_id, view_count, moderator_id) values (39, 0, 'ACCEPTED', 'vestibulum sed magna at nunc commodo placerat praesent blandit nam nulla integer pede justo lacinia eget tincidunt eget tempus vel pede morbi porttitor lorem id ligula suspendisse ornare consequat lectus in est risus auctor sed tristique in tempus', '2019-04-20 17:37:48', 'semper interdum mauris ullamcorper purus', 10, 21, 31);
insert into posts (id, is_active, moderation_status, text, time, title, user_id, view_count, moderator_id) values (40, 1, 'DECLINED', 'ultrices posuere cubilia curae donec pharetra magna vestibulum aliquet ultrices erat tortor sollicitudin mi sit amet lobortis sapien sapien non mi integer ac neque duis bibendum morbi non quam nec dui luctus rutrum nulla tellus in sagittis dui vel nisl duis ac nibh fusce', '2019-08-29 09:40:51', 'morbi quis tortor id', 26, 10, 31);
insert into posts (id, is_active, moderation_status, text, time, title, user_id, view_count, moderator_id) values (41, 1, 'ACCEPTED', 'libero convallis eget eleifend luctus ultricies eu nibh quisque id justo sit amet sapien dignissim vestibulum vestibulum ante ipsum primis in faucibus orci luctus et ultrices posuere cubilia curae nulla dapibus dolor vel est donec odio justo sollicitudin ut', '2019-10-01 01:45:31', 'amet erat nulla tempus vivamus', 4, 46, 31);
insert into posts (id, is_active, moderation_status, text, time, title, user_id, view_count, moderator_id) values (42, 0, 'ACCEPTED', 'primis in faucibus orci luctus et ultrices posuere cubilia curae duis faucibus accumsan odio curabitur convallis duis consequat dui nec nisi volutpat eleifend donec ut dolor morbi vel lectus in quam', '2019-10-02 16:08:27', 'faucibus cursus urna ut tellus', 12, 20, 31);
insert into posts (id, is_active, moderation_status, text, time, title, user_id, view_count, moderator_id) values (43, 0, 'ACCEPTED', 'ut tellus nulla ut erat id mauris vulputate elementum nullam varius nulla facilisi cras non velit nec nisi vulputate nonummy maecenas tincidunt lacus at velit vivamus vel nulla eget eros elementum pellentesque quisque porta volutpat erat quisque erat eros viverra', '2020-03-26 02:18:53', 'posuere cubilia curae duis faucibus', 8, 40, 31);
insert into posts (id, is_active, moderation_status, text, time, title, user_id, view_count, moderator_id) values (44, 0, 'NEW', 'nec condimentum neque sapien placerat ante nulla justo aliquam quis turpis eget elit sodales scelerisque mauris sit amet eros suspendisse accumsan tortor quis turpis sed ante vivamus tortor duis mattis egestas metus aenean fermentum donec ut mauris eget massa tempor convallis', '2019-04-14 20:37:18', 'vestibulum sagittis sapien cum sociis', 18, 60, null);
insert into posts (id, is_active, moderation_status, text, time, title, user_id, view_count, moderator_id) values (45, 0, 'ACCEPTED', 'vel augue vestibulum ante ipsum primis in faucibus orci luctus et ultrices posuere cubilia curae donec pharetra magna vestibulum aliquet ultrices erat tortor sollicitudin mi sit amet lobortis sapien sapien non mi integer ac neque duis bibendum morbi non quam nec dui luctus rutrum', '2019-05-29 08:15:55', 'eget vulputate ut ultrices', 18, 12, 31);
insert into posts (id, is_active, moderation_status, text, time, title, user_id, view_count, moderator_id) values (46, 1, 'ACCEPTED', 'aliquam non mauris morbi non lectus aliquam sit amet diam in magna bibendum imperdiet nullam orci pede venenatis non sodales sed tincidunt eu felis fusce posuere felis sed lacus morbi sem mauris laoreet ut rhoncus aliquet pulvinar', '2019-04-11 18:42:50', 'nisl nunc nisl duis bibendum', 6, 48, 31);
insert into posts (id, is_active, moderation_status, text, time, title, user_id, view_count, moderator_id) values (47, 0, 'NEW', 'accumsan tellus nisi eu orci mauris lacinia sapien quis libero nullam sit amet turpis elementum ligula vehicula consequat morbi a ipsum integer a nibh in quis justo maecenas rhoncus aliquam lacus morbi quis tortor id nulla ultrices aliquet maecenas leo odio condimentum id luctus nec molestie', '2019-07-03 19:15:51', 'nulla tempus vivamus in felis', 4, 42, null);
insert into posts (id, is_active, moderation_status, text, time, title, user_id, view_count, moderator_id) values (48, 1, 'ACCEPTED', 'non ligula pellentesque ultrices phasellus id sapien in sapien iaculis congue vivamus metus arcu adipiscing molestie hendrerit at vulputate vitae nisl aenean lectus pellentesque eget nunc donec quis orci eget orci vehicula condimentum curabitur in libero ut massa', '2019-10-16 06:29:24', 'eros vestibulum ac est lacinia', 17, 28, 31);
insert into posts (id, is_active, moderation_status, text, time, title, user_id, view_count, moderator_id) values (49, 0, 'DECLINED', 'elit proin interdum mauris non ligula pellentesque ultrices phasellus id sapien in sapien iaculis congue vivamus metus arcu adipiscing molestie hendrerit at vulputate vitae nisl aenean lectus pellentesque eget nunc donec', '2019-07-13 15:25:48', 'laoreet ut rhoncus aliquet pulvinar', 28, 56, 31);
insert into posts (id, is_active, moderation_status, text, time, title, user_id, view_count, moderator_id) values (50, 1, 'ACCEPTED', 'primis in faucibus orci luctus et ultrices posuere cubilia curae mauris viverra diam vitae quam suspendisse potenti nullam porttitor lacus at turpis donec posuere metus vitae ipsum aliquam non mauris morbi non lectus aliquam sit amet diam in magna bibendum imperdiet nullam orci pede venenatis non sodales sed tincidunt eu', '2020-01-10 18:37:15', 'ligula sit amet eleifend pede', 22, 3, 31);
insert into posts (id, is_active, moderation_status, text, time, title, user_id, view_count, moderator_id) values (51, 0, 'ACCEPTED', 'quam pede lobortis ligula sit amet eleifend pede libero quis orci nullam molestie nibh in lectus pellentesque at nulla suspendisse potenti cras in purus eu magna vulputate luctus cum sociis natoque penatibus et magnis dis parturient', '2020-02-23 21:54:15', 'molestie hendrerit at vulputate', 10, 41, 31);
insert into posts (id, is_active, moderation_status, text, time, title, user_id, view_count, moderator_id) values (52, 1, 'DECLINED', 'integer non velit donec diam neque vestibulum eget vulputate ut ultrices vel augue vestibulum ante ipsum primis in faucibus orci luctus et ultrices posuere cubilia curae donec pharetra magna vestibulum aliquet ultrices erat', '2019-07-01 16:22:07', 'dignissim vestibulum vestibulum ante ipsum', 7, 2, 31);
insert into posts (id, is_active, moderation_status, text, time, title, user_id, view_count, moderator_id) values (53, 1, 'ACCEPTED', 'in felis donec semper sapien a libero nam dui proin leo odio porttitor id consequat in consequat ut nulla sed accumsan felis ut at dolor quis odio consequat varius integer ac leo pellentesque ultrices mattis odio donec vitae nisi nam ultrices libero non mattis', '2019-11-10 02:59:02', 'viverra eget congue eget semper', 18, 14, 31);
insert into posts (id, is_active, moderation_status, text, time, title, user_id, view_count, moderator_id) values (54, 0, 'ACCEPTED', 'potenti cras in purus eu magna vulputate luctus cum sociis natoque penatibus et magnis dis parturient montes nascetur ridiculus mus vivamus vestibulum sagittis sapien cum sociis natoque penatibus et magnis dis parturient montes nascetur ridiculus mus etiam vel augue vestibulum rutrum rutrum', '2019-05-20 22:14:20', 'curae mauris viverra diam', 15, 1, 31);
insert into posts (id, is_active, moderation_status, text, time, title, user_id, view_count, moderator_id) values (55, 0, 'DECLINED', 'volutpat erat quisque erat eros viverra eget congue eget semper rutrum nulla nunc purus phasellus in felis donec semper sapien a libero nam dui proin leo odio porttitor id consequat in consequat ut nulla sed accumsan felis ut at dolor quis odio consequat varius integer ac', '2020-03-15 23:45:10', 'adipiscing elit proin interdum', 2, 47, 31);
insert into posts (id, is_active, moderation_status, text, time, title, user_id, view_count, moderator_id) values (56, 1, 'NEW', 'fusce congue diam id ornare imperdiet sapien urna pretium nisl ut volutpat sapien arcu sed augue aliquam erat volutpat in congue etiam justo etiam pretium iaculis justo in hac habitasse platea dictumst etiam faucibus cursus urna ut tellus nulla ut erat id mauris vulputate elementum nullam varius nulla', '2019-05-11 16:35:50', 'varius nulla facilisi cras non', 29, 50, null);
insert into posts (id, is_active, moderation_status, text, time, title, user_id, view_count, moderator_id) values (57, 1, 'NEW', 'fusce lacus purus aliquet at feugiat non pretium quis lectus suspendisse potenti in eleifend quam a odio in hac habitasse platea dictumst maecenas ut massa quis augue luctus tincidunt nulla mollis molestie lorem quisque ut', '2019-11-23 19:56:20', 'dapibus augue vel accumsan', 24, 50, null);
insert into posts (id, is_active, moderation_status, text, time, title, user_id, view_count, moderator_id) values (58, 1, 'ACCEPTED', 'ut odio cras mi pede malesuada in imperdiet et commodo vulputate justo in blandit ultrices enim lorem ipsum dolor sit amet consectetuer adipiscing elit proin interdum mauris non ligula pellentesque ultrices phasellus id sapien in sapien iaculis', '2019-08-15 19:55:50', 'primis in faucibus orci luctus', 7, 26, 31);
insert into posts (id, is_active, moderation_status, text, time, title, user_id, view_count, moderator_id) values (59, 1, 'ACCEPTED', 'magnis dis parturient montes nascetur ridiculus mus etiam vel augue vestibulum rutrum rutrum neque aenean auctor gravida sem praesent id massa id nisl venenatis lacinia aenean sit amet justo morbi ut odio cras mi pede malesuada in imperdiet et commodo vulputate', '2020-03-27 05:41:35', 'dictumst maecenas ut massa', 16, 20, 31);
insert into posts (id, is_active, moderation_status, text, time, title, user_id, view_count, moderator_id) values (60, 0, 'NEW', 'semper rutrum nulla nunc purus phasellus in felis donec semper sapien a libero nam dui proin leo odio porttitor id consequat in consequat ut nulla sed accumsan felis ut at dolor quis odio consequat varius integer ac leo pellentesque ultrices mattis odio donec vitae nisi', '2019-04-19 12:02:37', 'cursus id turpis integer', 4, 19, null);
insert into posts (id, is_active, moderation_status, text, time, title, user_id, view_count, moderator_id) values (61, 0, 'ACCEPTED', 'ante vivamus tortor duis mattis egestas metus aenean fermentum donec ut mauris eget massa tempor convallis nulla neque libero convallis eget eleifend luctus ultricies eu nibh quisque id justo sit amet sapien dignissim vestibulum vestibulum ante ipsum primis in faucibus orci luctus et ultrices posuere cubilia', '2020-03-01 22:36:53', 'posuere cubilia curae donec pharetra', 24, 42, 31);
insert into posts (id, is_active, moderation_status, text, time, title, user_id, view_count, moderator_id) values (62, 1, 'DECLINED', 'pellentesque ultrices mattis odio donec vitae nisi nam ultrices libero non mattis pulvinar nulla pede ullamcorper augue a suscipit nulla elit ac nulla sed vel enim sit amet nunc viverra dapibus nulla suscipit ligula in lacus curabitur at ipsum ac tellus semper interdum mauris ullamcorper purus', '2019-10-20 08:59:57', 'duis faucibus accumsan odio curabitur', 3, 36, 31);
insert into posts (id, is_active, moderation_status, text, time, title, user_id, view_count, moderator_id) values (63, 1, 'ACCEPTED', 'justo morbi ut odio cras mi pede malesuada in imperdiet et commodo vulputate justo in blandit ultrices enim lorem ipsum dolor sit amet consectetuer adipiscing elit proin interdum mauris non ligula pellentesque ultrices phasellus id sapien', '2020-03-04 05:03:13', 'suscipit ligula in lacus curabitur', 8, 54, 31);
insert into posts (id, is_active, moderation_status, text, time, title, user_id, view_count, moderator_id) values (64, 0, 'DECLINED', 'pellentesque volutpat dui maecenas tristique est et tempus semper est quam pharetra magna ac consequat metus sapien ut nunc vestibulum ante ipsum primis in faucibus orci luctus et ultrices posuere cubilia curae mauris viverra diam vitae quam suspendisse potenti nullam porttitor lacus at turpis donec posuere metus vitae ipsum aliquam', '2019-06-16 20:08:00', 'eget eleifend luctus ultricies eu', 19, 50, 31);
insert into posts (id, is_active, moderation_status, text, time, title, user_id, view_count, moderator_id) values (65, 1, 'ACCEPTED', 'et ultrices posuere cubilia curae donec pharetra magna vestibulum aliquet ultrices erat tortor sollicitudin mi sit amet lobortis sapien sapien non mi integer ac neque duis bibendum morbi non quam nec dui luctus rutrum nulla tellus in sagittis dui vel nisl duis ac nibh fusce', '2019-12-19 12:55:46', 'nullam porttitor lacus at turpis', 27, 24, 31);
insert into posts (id, is_active, moderation_status, text, time, title, user_id, view_count, moderator_id) values (66, 1, 'DECLINED', 'mi sit amet lobortis sapien sapien non mi integer ac neque duis bibendum morbi non quam nec dui luctus rutrum nulla tellus in sagittis dui vel nisl duis ac nibh fusce lacus purus aliquet at', '2019-06-02 13:27:03', 'at nulla suspendisse potenti cras', 29, 30, 31);
insert into posts (id, is_active, moderation_status, text, time, title, user_id, view_count, moderator_id) values (67, 0, 'ACCEPTED', 'curabitur gravida nisi at nibh in hac habitasse platea dictumst aliquam augue quam sollicitudin vitae consectetuer eget rutrum at lorem integer tincidunt ante vel ipsum praesent blandit lacinia erat vestibulum sed', '2019-04-14 19:23:15', 'duis faucibus accumsan odio', 3, 23, 31);
insert into posts (id, is_active, moderation_status, text, time, title, user_id, view_count, moderator_id) values (68, 1, 'ACCEPTED', 'nam nulla integer pede justo lacinia eget tincidunt eget tempus vel pede morbi porttitor lorem id ligula suspendisse ornare consequat lectus in est risus auctor sed tristique in tempus sit', '2019-08-11 02:54:31', 'sem praesent id massa id', 12, 30, 31);
insert into posts (id, is_active, moderation_status, text, time, title, user_id, view_count, moderator_id) values (69, 1, 'DECLINED', 'etiam justo etiam pretium iaculis justo in hac habitasse platea dictumst etiam faucibus cursus urna ut tellus nulla ut erat id mauris vulputate elementum nullam varius nulla facilisi cras non velit nec nisi vulputate nonummy maecenas tincidunt lacus at velit vivamus vel nulla eget eros', '2019-05-28 14:28:40', 'purus phasellus in felis donec', 30, 44, 31);
insert into posts (id, is_active, moderation_status, text, time, title, user_id, view_count, moderator_id) values (70, 0, 'NEW', 'tristique fusce congue diam id ornare imperdiet sapien urna pretium nisl ut volutpat sapien arcu sed augue aliquam erat volutpat in congue etiam justo etiam pretium iaculis justo in hac habitasse platea dictumst etiam faucibus cursus urna ut tellus nulla ut erat id mauris', '2019-04-22 17:59:13', 'odio donec vitae nisi nam', 1, 25, null);
insert into posts (id, is_active, moderation_status, text, time, title, user_id, view_count, moderator_id) values (71, 0, 'ACCEPTED', 'sapien cum sociis natoque penatibus et magnis dis parturient montes nascetur ridiculus mus etiam vel augue vestibulum rutrum rutrum neque aenean auctor gravida sem praesent id massa id nisl venenatis lacinia aenean sit amet justo morbi ut odio cras mi pede malesuada in', '2019-06-04 16:26:27', 'justo nec condimentum neque', 19, 27, 31);
insert into posts (id, is_active, moderation_status, text, time, title, user_id, view_count, moderator_id) values (72, 0, 'ACCEPTED', 'cras mi pede malesuada in imperdiet et commodo vulputate justo in blandit ultrices enim lorem ipsum dolor sit amet consectetuer adipiscing elit proin interdum mauris non ligula pellentesque ultrices phasellus id sapien in sapien iaculis congue vivamus metus', '2019-05-07 19:12:21', 'orci nullam molestie nibh', 2, 0, 31);
insert into posts (id, is_active, moderation_status, text, time, title, user_id, view_count, moderator_id) values (73, 1, 'ACCEPTED', 'libero ut massa volutpat convallis morbi odio odio elementum eu interdum eu tincidunt in leo maecenas pulvinar lobortis est phasellus sit amet erat nulla tempus vivamus in felis eu sapien cursus vestibulum proin eu mi nulla ac enim in tempor turpis nec euismod scelerisque quam turpis adipiscing lorem vitae', '2019-11-08 06:12:47', 'justo pellentesque viverra pede ac', 22, 26, 31);
insert into posts (id, is_active, moderation_status, text, time, title, user_id, view_count, moderator_id) values (74, 1, 'ACCEPTED', 'eget nunc donec quis orci eget orci vehicula condimentum curabitur in libero ut massa volutpat convallis morbi odio odio elementum eu interdum eu tincidunt in leo maecenas pulvinar lobortis est phasellus sit amet erat nulla tempus vivamus in felis eu sapien cursus vestibulum proin', '2019-09-24 05:37:21', 'tortor sollicitudin mi sit', 21, 56, 31);
insert into posts (id, is_active, moderation_status, text, time, title, user_id, view_count, moderator_id) values (75, 1, 'DECLINED', 'metus sapien ut nunc vestibulum ante ipsum primis in faucibus orci luctus et ultrices posuere cubilia curae mauris viverra diam vitae quam suspendisse potenti nullam porttitor lacus at turpis donec posuere metus vitae ipsum aliquam non mauris morbi', '2019-09-24 01:36:09', 'vel lectus in quam', 12, 34, 31);
insert into posts (id, is_active, moderation_status, text, time, title, user_id, view_count, moderator_id) values (76, 1, 'ACCEPTED', 'non mi integer ac neque duis bibendum morbi non quam nec dui luctus rutrum nulla tellus in sagittis dui vel nisl duis ac nibh fusce lacus purus aliquet at feugiat non pretium quis lectus suspendisse potenti in eleifend quam a odio in hac habitasse', '2020-01-11 18:40:33', 'ligula nec sem duis aliquam', 24, 7, 31);

--INSERT PostComment
insert into post_comments (id, parent_id, text, time, user_id, post_id) values (1, null, 'sagittis nam congue risus semper porta volutpat quam pede lobortis', '2019-07-17 10:15:33', 14, 8);
insert into post_comments (id, parent_id, text, time, user_id, post_id) values (2, null, 'ac nulla sed vel enim sit amet nunc viverra dapibus nulla suscipit', '2019-10-27 18:42:31', 22, 13);
insert into post_comments (id, parent_id, text, time, user_id, post_id) values (3, null, 'tempus semper est quam pharetra magna', '2019-07-20 06:04:25', 24, 65);
insert into post_comments (id, parent_id, text, time, user_id, post_id) values (4, null, 'eu massa donec dapibus duis at velit', '2019-12-30 02:56:02', 6, 14);
insert into post_comments (id, parent_id, text, time, user_id, post_id) values (5, null, 'mi nulla ac enim in tempor turpis nec euismod', '2019-09-13 06:59:39', 6, 37);
insert into post_comments (id, parent_id, text, time, user_id, post_id) values (6, null, 'quis turpis eget elit sodales scelerisque mauris sit amet eros suspendisse', '2020-03-29 17:58:17', 7, 74);
insert into post_comments (id, parent_id, text, time, user_id, post_id) values (7, null, 'sapien cum sociis natoque penatibus et magnis dis parturient montes nascetur ridiculus', '2020-02-01 20:19:36', 26, 43);
insert into post_comments (id, parent_id, text, time, user_id, post_id) values (8, null, 'varius integer ac leo pellentesque ultrices mattis odio donec', '2019-09-25 07:17:05', 4, 62);
insert into post_comments (id, parent_id, text, time, user_id, post_id) values (9, null, 'lectus vestibulum quam sapien varius ut blandit non interdum in ante', '2019-06-12 03:29:19', 30, 74);
insert into post_comments (id, parent_id, text, time, user_id, post_id) values (10, null, 'id massa id nisl venenatis lacinia', '2020-02-29 05:36:09', 4, 14);
insert into post_comments (id, parent_id, text, time, user_id, post_id) values (11, null, 'augue vestibulum rutrum rutrum neque aenean auctor gravida sem praesent id', '2019-04-13 10:02:25', 9, 42);
insert into post_comments (id, parent_id, text, time, user_id, post_id) values (12, null, 'primis in faucibus orci luctus et ultrices posuere cubilia curae mauris', '2019-12-23 10:34:23', 4, 47);
insert into post_comments (id, parent_id, text, time, user_id, post_id) values (13, null, 'vulputate nonummy maecenas tincidunt lacus at velit vivamus', '2020-01-15 11:59:51', 18, 70);
insert into post_comments (id, parent_id, text, time, user_id, post_id) values (14, null, 'turpis nec euismod scelerisque quam turpis adipiscing lorem vitae mattis', '2019-12-05 18:02:20', 19, 47);
insert into post_comments (id, parent_id, text, time, user_id, post_id) values (15, null, 'turpis donec posuere metus vitae ipsum aliquam non mauris morbi', '2019-07-31 23:49:04', 25, 33);
insert into post_comments (id, parent_id, text, time, user_id, post_id) values (16, null, 'ut rhoncus aliquet pulvinar sed nisl', '2019-12-31 12:19:13', 6, 25);
insert into post_comments (id, parent_id, text, time, user_id, post_id) values (17, null, 'in sapien iaculis congue vivamus metus arcu adipiscing', '2019-10-26 12:13:02', 28, 69);
insert into post_comments (id, parent_id, text, time, user_id, post_id) values (18, null, 'pellentesque ultrices phasellus id sapien in sapien iaculis congue vivamus', '2019-10-04 14:30:37', 10, 33);
insert into post_comments (id, parent_id, text, time, user_id, post_id) values (19, null, 'praesent blandit nam nulla integer pede justo lacinia eget tincidunt eget tempus', '2019-06-30 23:58:23', 14, 17);
insert into post_comments (id, parent_id, text, time, user_id, post_id) values (20, null, 'vulputate luctus cum sociis natoque penatibus et magnis dis parturient montes', '2019-10-21 23:27:39', 11, 73);
insert into post_comments (id, parent_id, text, time, user_id, post_id) values (21, null, 'nisl aenean lectus pellentesque eget nunc donec quis orci', '2019-12-11 05:30:48', 2, 65);
insert into post_comments (id, parent_id, text, time, user_id, post_id) values (22, null, 'lobortis ligula sit amet eleifend pede', '2020-01-21 18:08:19', 21, 49);
insert into post_comments (id, parent_id, text, time, user_id, post_id) values (23, null, 'id sapien in sapien iaculis congue vivamus', '2019-05-15 09:34:39', 22, 2);
insert into post_comments (id, parent_id, text, time, user_id, post_id) values (24, null, 'sed nisl nunc rhoncus dui vel sem sed sagittis', '2019-10-10 21:14:39', 16, 34);
insert into post_comments (id, parent_id, text, time, user_id, post_id) values (25, null, 'vel enim sit amet nunc viverra', '2020-02-05 22:29:02', 15, 4);
insert into post_comments (id, parent_id, text, time, user_id, post_id) values (26, null, 'quam turpis adipiscing lorem vitae mattis nibh ligula nec sem duis aliquam', '2020-01-27 10:28:29', 22, 38);
insert into post_comments (id, parent_id, text, time, user_id, post_id) values (27, null, 'proin leo odio porttitor id consequat in consequat ut nulla', '2020-01-28 04:15:02', 11, 44);
insert into post_comments (id, parent_id, text, time, user_id, post_id) values (28, null, 'platea dictumst maecenas ut massa quis augue luctus tincidunt', '2019-05-22 11:33:19', 13, 11);
insert into post_comments (id, parent_id, text, time, user_id, post_id) values (29, null, 'lacinia sapien quis libero nullam sit amet turpis elementum ligula', '2019-11-17 12:39:37', 15, 30);
insert into post_comments (id, parent_id, text, time, user_id, post_id) values (30, null, 'sed ante vivamus tortor duis mattis egestas metus', '2019-06-04 08:15:21', 14, 12);
insert into post_comments (id, parent_id, text, time, user_id, post_id) values (31, null, 'diam cras pellentesque volutpat dui maecenas tristique est et tempus semper', '2020-02-17 08:55:12', 7, 1);
insert into post_comments (id, parent_id, text, time, user_id, post_id) values (32, null, 'adipiscing elit proin risus praesent lectus vestibulum quam sapien', '2019-06-20 00:35:06', 5, 59);
insert into post_comments (id, parent_id, text, time, user_id, post_id) values (33, null, 'vulputate luctus cum sociis natoque penatibus et magnis', '2020-01-20 14:33:29', 23, 38);
insert into post_comments (id, parent_id, text, time, user_id, post_id) values (34, null, 'vitae nisi nam ultrices libero non', '2019-09-29 22:21:37', 26, 52);
insert into post_comments (id, parent_id, text, time, user_id, post_id) values (35, null, 'eget vulputate ut ultrices vel augue vestibulum', '2020-03-19 13:14:50', 1, 40);
insert into post_comments (id, parent_id, text, time, user_id, post_id) values (36, null, 'sit amet sem fusce consequat nulla nisl nunc nisl', '2019-08-11 21:59:08', 30, 56);
insert into post_comments (id, parent_id, text, time, user_id, post_id) values (37, null, 'et ultrices posuere cubilia curae nulla dapibus dolor', '2019-06-14 20:21:00', 17, 67);
insert into post_comments (id, parent_id, text, time, user_id, post_id) values (38, null, 'in imperdiet et commodo vulputate justo', '2020-01-20 17:23:17', 9, 69);
insert into post_comments (id, parent_id, text, time, user_id, post_id) values (39, null, 'integer non velit donec diam neque vestibulum eget vulputate', '2019-06-01 23:34:03', 3, 18);
insert into post_comments (id, parent_id, text, time, user_id, post_id) values (40, null, 'morbi vel lectus in quam fringilla', '2019-10-06 12:25:03', 8, 10);
insert into post_comments (id, parent_id, text, time, user_id, post_id) values (41, null, 'cras in purus eu magna vulputate', '2019-12-30 06:37:49', 4, 70);
insert into post_comments (id, parent_id, text, time, user_id, post_id) values (42, null, 'montes nascetur ridiculus mus etiam vel augue vestibulum rutrum rutrum', '2020-03-30 05:55:05', 26, 14);
insert into post_comments (id, parent_id, text, time, user_id, post_id) values (43, null, 'dolor sit amet consectetuer adipiscing elit', '2019-09-13 22:20:37', 1, 70);
insert into post_comments (id, parent_id, text, time, user_id, post_id) values (44, null, 'justo sit amet sapien dignissim vestibulum vestibulum ante ipsum primis in faucibus', '2019-11-29 21:12:29', 27, 47);
insert into post_comments (id, parent_id, text, time, user_id, post_id) values (45, null, 'proin interdum mauris non ligula pellentesque ultrices phasellus id sapien', '2019-04-19 02:29:57', 7, 42);
insert into post_comments (id, parent_id, text, time, user_id, post_id) values (46, null, 'elementum pellentesque quisque porta volutpat erat quisque erat', '2019-12-20 20:23:26', 18, 40);
insert into post_comments (id, parent_id, text, time, user_id, post_id) values (47, null, 'luctus nec molestie sed justo pellentesque viverra pede ac', '2019-11-13 04:34:06', 27, 20);
insert into post_comments (id, parent_id, text, time, user_id, post_id) values (48, null, 'tellus in sagittis dui vel nisl duis ac', '2019-11-28 16:46:13', 9, 20);
insert into post_comments (id, parent_id, text, time, user_id, post_id) values (49, null, 'nam dui proin leo odio porttitor id consequat in consequat', '2019-11-04 20:09:54', 2, 32);
insert into post_comments (id, parent_id, text, time, user_id, post_id) values (50, null, 'amet lobortis sapien sapien non mi integer ac neque', '2019-07-09 01:10:00', 4, 40);
insert into post_comments (id, parent_id, text, time, user_id, post_id) values (51, null, 'mauris non ligula pellentesque ultrices phasellus id sapien in sapien', '2020-02-19 20:01:50', 9, 65);
insert into post_comments (id, parent_id, text, time, user_id, post_id) values (52, null, 'vestibulum ac est lacinia nisi venenatis tristique fusce', '2019-11-10 12:35:34', 9, 7);
insert into post_comments (id, parent_id, text, time, user_id, post_id) values (53, null, 'purus sit amet nulla quisque arcu libero rutrum ac lobortis vel dapibus', '2020-03-14 19:38:59', 2, 73);
insert into post_comments (id, parent_id, text, time, user_id, post_id) values (54, null, 'nisi at nibh in hac habitasse platea dictumst aliquam', '2019-06-26 05:37:53', 5, 31);
insert into post_comments (id, parent_id, text, time, user_id, post_id) values (55, null, 'eu felis fusce posuere felis sed lacus morbi', '2019-04-27 07:20:48', 6, 52);
insert into post_comments (id, parent_id, text, time, user_id, post_id) values (56, null, 'mi nulla ac enim in tempor turpis nec', '2019-10-08 00:02:12', 20, 48);
insert into post_comments (id, parent_id, text, time, user_id, post_id) values (57, null, 'nascetur ridiculus mus etiam vel augue vestibulum rutrum rutrum neque', '2019-10-12 21:39:45', 4, 42);
insert into post_comments (id, parent_id, text, time, user_id, post_id) values (58, null, 'mauris eget massa tempor convallis nulla neque', '2019-07-09 03:58:01', 3, 52);
insert into post_comments (id, parent_id, text, time, user_id, post_id) values (59, null, 'augue vel accumsan tellus nisi eu orci mauris lacinia sapien quis libero', '2019-08-29 22:10:25', 21, 5);
insert into post_comments (id, parent_id, text, time, user_id, post_id) values (60, null, 'lectus vestibulum quam sapien varius ut blandit', '2019-07-16 19:58:05', 6, 67);
insert into post_comments (id, parent_id, text, time, user_id, post_id) values (61, null, 'tempus vivamus in felis eu sapien cursus vestibulum proin eu mi', '2019-12-11 12:11:55', 3, 9);
insert into post_comments (id, parent_id, text, time, user_id, post_id) values (62, null, 'curabitur gravida nisi at nibh in hac habitasse', '2020-02-09 13:46:03', 15, 51);
insert into post_comments (id, parent_id, text, time, user_id, post_id) values (63, null, 'massa id lobortis convallis tortor risus dapibus', '2019-10-16 04:12:04', 6, 48);
insert into post_comments (id, parent_id, text, time, user_id, post_id) values (64, null, 'nulla tellus in sagittis dui vel nisl duis', '2019-11-09 23:54:36', 19, 17);
insert into post_comments (id, parent_id, text, time, user_id, post_id) values (65, null, 'volutpat dui maecenas tristique est et tempus semper est quam pharetra magna', '2020-01-23 21:21:34', 30, 18);
insert into post_comments (id, parent_id, text, time, user_id, post_id) values (66, null, 'ut dolor morbi vel lectus in quam fringilla rhoncus mauris enim', '2020-03-30 10:38:16', 25, 60);
insert into post_comments (id, parent_id, text, time, user_id, post_id) values (67, null, 'justo sollicitudin ut suscipit a feugiat', '2019-07-02 15:18:11', 24, 16);
insert into post_comments (id, parent_id, text, time, user_id, post_id) values (68, null, 'quam sollicitudin vitae consectetuer eget rutrum at lorem', '2019-09-18 01:10:31', 15, 17);
insert into post_comments (id, parent_id, text, time, user_id, post_id) values (69, null, 'nunc rhoncus dui vel sem sed sagittis nam congue', '2020-03-20 19:32:18', 28, 51);
insert into post_comments (id, parent_id, text, time, user_id, post_id) values (70, null, 'morbi vel lectus in quam fringilla rhoncus mauris enim leo rhoncus', '2019-05-30 16:06:32', 5, 62);
insert into post_comments (id, parent_id, text, time, user_id, post_id) values (71, null, 'leo odio porttitor id consequat in consequat ut nulla sed', '2019-05-17 19:08:23', 10, 75);
insert into post_comments (id, parent_id, text, time, user_id, post_id) values (72, null, 'morbi vestibulum velit id pretium iaculis diam erat fermentum justo nec condimentum', '2019-09-05 18:38:13', 6, 61);
insert into post_comments (id, parent_id, text, time, user_id, post_id) values (73, null, 'at ipsum ac tellus semper interdum mauris ullamcorper purus sit', '2019-11-02 10:55:36', 7, 46);
insert into post_comments (id, parent_id, text, time, user_id, post_id) values (74, null, 'condimentum id luctus nec molestie sed justo pellentesque viverra pede ac', '2020-01-05 19:52:10', 26, 44);
insert into post_comments (id, parent_id, text, time, user_id, post_id) values (75, null, 'phasellus in felis donec semper sapien a libero nam dui', '2019-10-22 03:01:15', 27, 65);
insert into post_comments (id, parent_id, text, time, user_id, post_id) values (76, null, 'sit amet eleifend pede libero quis orci nullam molestie nibh', '2020-01-21 03:03:17', 16, 43);
insert into post_comments (id, parent_id, text, time, user_id, post_id) values (77, null, 'nisl ut volutpat sapien arcu sed augue aliquam erat volutpat in congue', '2019-10-23 17:27:46', 28, 33);
insert into post_comments (id, parent_id, text, time, user_id, post_id) values (78, null, 'consectetuer adipiscing elit proin interdum mauris non ligula pellentesque ultrices phasellus', '2019-05-10 01:52:31', 29, 15);
insert into post_comments (id, parent_id, text, time, user_id, post_id) values (79, null, 'penatibus et magnis dis parturient montes nascetur', '2020-01-22 22:24:34', 2, 74);
insert into post_comments (id, parent_id, text, time, user_id, post_id) values (80, null, 'non sodales sed tincidunt eu felis fusce posuere', '2019-08-11 03:04:21', 24, 66);
insert into post_comments (id, parent_id, text, time, user_id, post_id) values (81, null, 'metus vitae ipsum aliquam non mauris morbi non lectus aliquam sit', '2019-06-30 08:17:39', 11, 39);
insert into post_comments (id, parent_id, text, time, user_id, post_id) values (82, null, 'non quam nec dui luctus rutrum nulla tellus in sagittis', '2019-07-03 16:35:33', 17, 9);
insert into post_comments (id, parent_id, text, time, user_id, post_id) values (83, null, 'amet sem fusce consequat nulla nisl nunc nisl duis bibendum felis sed', '2019-11-11 19:43:33', 26, 19);
insert into post_comments (id, parent_id, text, time, user_id, post_id) values (84, null, 'luctus cum sociis natoque penatibus et', '2019-06-10 20:37:33', 20, 13);
insert into post_comments (id, parent_id, text, time, user_id, post_id) values (85, null, 'pede ullamcorper augue a suscipit nulla', '2019-04-08 13:04:42', 23, 59);
insert into post_comments (id, parent_id, text, time, user_id, post_id) values (86, null, 'leo pellentesque ultrices mattis odio donec vitae nisi nam ultrices libero', '2020-03-07 19:38:45', 28, 43);
insert into post_comments (id, parent_id, text, time, user_id, post_id) values (87, null, 'vel augue vestibulum ante ipsum primis in faucibus orci luctus et ultrices', '2019-08-04 18:50:19', 28, 42);
insert into post_comments (id, parent_id, text, time, user_id, post_id) values (88, null, 'magna ac consequat metus sapien ut nunc vestibulum ante ipsum primis', '2019-06-03 12:08:40', 25, 40);
insert into post_comments (id, parent_id, text, time, user_id, post_id) values (89, null, 'pede justo eu massa donec dapibus duis at velit', '2020-03-16 06:46:30', 27, 51);
insert into post_comments (id, parent_id, text, time, user_id, post_id) values (90, null, 'ipsum primis in faucibus orci luctus et ultrices posuere cubilia curae duis', '2019-11-25 04:27:46', 24, 62);
insert into post_comments (id, parent_id, text, time, user_id, post_id) values (91, null, 'donec ut mauris eget massa tempor convallis nulla neque libero convallis eget', '2019-07-29 06:23:37', 14, 7);
insert into post_comments (id, parent_id, text, time, user_id, post_id) values (92, null, 'duis ac nibh fusce lacus purus', '2019-05-23 17:13:51', 10, 37);
insert into post_comments (id, parent_id, text, time, user_id, post_id) values (93, null, 'sollicitudin mi sit amet lobortis sapien sapien non mi integer ac', '2019-12-17 02:30:39', 6, 20);
insert into post_comments (id, parent_id, text, time, user_id, post_id) values (94, null, 'at vulputate vitae nisl aenean lectus pellentesque eget nunc donec quis', '2019-08-20 09:32:06', 30, 37);
insert into post_comments (id, parent_id, text, time, user_id, post_id) values (95, null, 'eros suspendisse accumsan tortor quis turpis sed ante', '2019-05-08 00:20:27', 19, 41);
insert into post_comments (id, parent_id, text, time, user_id, post_id) values (96, null, 'congue eget semper rutrum nulla nunc purus', '2020-02-08 00:36:32', 15, 43);
insert into post_comments (id, parent_id, text, time, user_id, post_id) values (97, null, 'morbi quis tortor id nulla ultrices', '2020-03-05 09:38:25', 24, 3);
insert into post_comments (id, parent_id, text, time, user_id, post_id) values (98, null, 'mauris enim leo rhoncus sed vestibulum sit amet cursus', '2019-04-14 01:52:34', 9, 3);
insert into post_comments (id, parent_id, text, time, user_id, post_id) values (99, null, 'ac est lacinia nisi venenatis tristique fusce', '2019-08-21 20:25:02', 5, 49);
insert into post_comments (id, parent_id, text, time, user_id, post_id) values (100, null, 'nulla neque libero convallis eget eleifend', '2019-05-27 19:16:30', 25, 60);
insert into post_comments (id, parent_id, text, time, user_id, post_id) values (101, null, 'nonummy integer non velit donec diam neque vestibulum eget vulputate', '2019-11-18 06:53:01', 29, 3);
insert into post_comments (id, parent_id, text, time, user_id, post_id) values (102, null, 'cras mi pede malesuada in imperdiet', '2019-10-30 06:46:57', 17, 67);
insert into post_comments (id, parent_id, text, time, user_id, post_id) values (103, null, 'ultrices aliquet maecenas leo odio condimentum id luctus nec molestie sed justo', '2020-04-02 04:38:07', 4, 17);
insert into post_comments (id, parent_id, text, time, user_id, post_id) values (104, null, 'scelerisque quam turpis adipiscing lorem vitae mattis nibh ligula nec sem', '2019-12-26 23:53:35', 12, 60);
insert into post_comments (id, parent_id, text, time, user_id, post_id) values (105, null, 'leo pellentesque ultrices mattis odio donec vitae nisi nam ultrices', '2019-04-07 23:34:26', 23, 69);
insert into post_comments (id, parent_id, text, time, user_id, post_id) values (106, null, 'felis fusce posuere felis sed lacus morbi', '2019-10-16 21:32:08', 1, 30);
insert into post_comments (id, parent_id, text, time, user_id, post_id) values (107, null, 'amet justo morbi ut odio cras mi pede malesuada in imperdiet', '2020-03-21 13:20:09', 26, 16);
insert into post_comments (id, parent_id, text, time, user_id, post_id) values (108, null, 'sapien cursus vestibulum proin eu mi nulla ac enim in tempor', '2019-09-27 14:32:23', 18, 29);
insert into post_comments (id, parent_id, text, time, user_id, post_id) values (109, null, 'nunc commodo placerat praesent blandit nam', '2020-01-06 20:19:38', 17, 13);
insert into post_comments (id, parent_id, text, time, user_id, post_id) values (110, null, 'dui luctus rutrum nulla tellus in', '2019-05-21 06:42:03', 7, 14);
insert into post_comments (id, parent_id, text, time, user_id, post_id) values (111, null, 'augue vestibulum rutrum rutrum neque aenean auctor gravida', '2019-04-17 01:15:30', 13, 1);
insert into post_comments (id, parent_id, text, time, user_id, post_id) values (112, null, 'et magnis dis parturient montes nascetur ridiculus mus vivamus vestibulum sagittis sapien', '2020-02-01 23:03:49', 23, 69);
insert into post_comments (id, parent_id, text, time, user_id, post_id) values (113, null, 'cras in purus eu magna vulputate luctus cum sociis natoque', '2019-10-19 22:20:10', 15, 15);
insert into post_comments (id, parent_id, text, time, user_id, post_id) values (114, null, 'vestibulum vestibulum ante ipsum primis in', '2019-06-04 05:52:50', 8, 27);
insert into post_comments (id, parent_id, text, time, user_id, post_id) values (115, null, 'odio cras mi pede malesuada in imperdiet', '2019-11-23 12:59:55', 6, 34);
insert into post_comments (id, parent_id, text, time, user_id, post_id) values (116, null, 'eu est congue elementum in hac habitasse platea dictumst morbi', '2020-02-06 06:53:40', 15, 16);
insert into post_comments (id, parent_id, text, time, user_id, post_id) values (117, null, 'felis sed lacus morbi sem mauris', '2019-10-12 02:53:40', 3, 49);
insert into post_comments (id, parent_id, text, time, user_id, post_id) values (118, null, 'rutrum at lorem integer tincidunt ante vel ipsum', '2019-11-06 17:06:30', 10, 23);
insert into post_comments (id, parent_id, text, time, user_id, post_id) values (119, null, 'luctus et ultrices posuere cubilia curae donec pharetra magna vestibulum aliquet ultrices', '2019-11-23 16:40:08', 17, 37);
insert into post_comments (id, parent_id, text, time, user_id, post_id) values (120, null, 'eleifend quam a odio in hac habitasse platea dictumst maecenas', '2019-10-08 23:38:56', 11, 70);
insert into post_comments (id, parent_id, text, time, user_id, post_id) values (121, null, 'elit ac nulla sed vel enim sit amet nunc viverra', '2019-06-05 13:41:36', 2, 70);
insert into post_comments (id, parent_id, text, time, user_id, post_id) values (122, null, 'cubilia curae nulla dapibus dolor vel est', '2020-02-10 00:42:59', 5, 66);
insert into post_comments (id, parent_id, text, time, user_id, post_id) values (123, null, 'donec ut dolor morbi vel lectus in quam fringilla rhoncus mauris', '2019-05-10 20:45:47', 21, 12);
insert into post_comments (id, parent_id, text, time, user_id, post_id) values (124, null, 'molestie hendrerit at vulputate vitae nisl aenean lectus pellentesque eget nunc donec', '2019-11-11 18:21:57', 29, 17);
insert into post_comments (id, parent_id, text, time, user_id, post_id) values (125, null, 'nec nisi volutpat eleifend donec ut dolor morbi vel lectus in quam', '2019-09-10 16:35:35', 4, 54);
insert into post_comments (id, parent_id, text, time, user_id, post_id) values (126, null, 'lacinia aenean sit amet justo morbi ut odio', '2019-07-05 11:52:57', 25, 42);
insert into post_comments (id, parent_id, text, time, user_id, post_id) values (127, null, 'turpis elementum ligula vehicula consequat morbi a ipsum', '2019-05-17 00:08:20', 26, 30);
insert into post_comments (id, parent_id, text, time, user_id, post_id) values (128, null, 'vivamus vestibulum sagittis sapien cum sociis natoque penatibus et magnis dis parturient', '2019-12-14 23:54:15', 4, 68);
insert into post_comments (id, parent_id, text, time, user_id, post_id) values (129, null, 'mi nulla ac enim in tempor turpis nec', '2019-10-14 06:06:58', 9, 12);
insert into post_comments (id, parent_id, text, time, user_id, post_id) values (130, null, 'ultrices aliquet maecenas leo odio condimentum id', '2020-01-03 01:43:30', 30, 13);
insert into post_comments (id, parent_id, text, time, user_id, post_id) values (131, null, 'in blandit ultrices enim lorem ipsum dolor sit amet consectetuer', '2019-04-20 03:39:53', 5, 47);
insert into post_comments (id, parent_id, text, time, user_id, post_id) values (132, null, 'turpis integer aliquet massa id lobortis convallis tortor risus', '2019-07-07 05:12:20', 10, 37);
insert into post_comments (id, parent_id, text, time, user_id, post_id) values (133, null, 'potenti cras in purus eu magna vulputate luctus', '2020-03-09 08:08:34', 5, 29);
insert into post_comments (id, parent_id, text, time, user_id, post_id) values (134, null, 'vitae nisi nam ultrices libero non mattis pulvinar nulla pede ullamcorper augue', '2019-11-01 04:14:47', 24, 52);
insert into post_comments (id, parent_id, text, time, user_id, post_id) values (135, null, 'ante ipsum primis in faucibus orci luctus et ultrices posuere cubilia curae', '2019-12-28 07:08:40', 5, 5);
insert into post_comments (id, parent_id, text, time, user_id, post_id) values (136, null, 'orci luctus et ultrices posuere cubilia curae nulla dapibus dolor', '2019-04-18 20:36:53', 11, 13);
insert into post_comments (id, parent_id, text, time, user_id, post_id) values (137, null, 'platea dictumst aliquam augue quam sollicitudin vitae consectetuer eget', '2019-12-25 21:03:53', 23, 17);
insert into post_comments (id, parent_id, text, time, user_id, post_id) values (138, null, 'volutpat sapien arcu sed augue aliquam erat volutpat in', '2020-01-16 23:46:17', 2, 30);
insert into post_comments (id, parent_id, text, time, user_id, post_id) values (139, null, 'congue risus semper porta volutpat quam pede lobortis ligula sit amet eleifend', '2020-03-06 02:52:29', 26, 26);
insert into post_comments (id, parent_id, text, time, user_id, post_id) values (140, null, 'nisl aenean lectus pellentesque eget nunc donec quis orci', '2020-03-15 06:15:58', 24, 51);
insert into post_comments (id, parent_id, text, time, user_id, post_id) values (141, null, 'urna ut tellus nulla ut erat id mauris vulputate elementum nullam varius', '2019-04-13 12:44:31', 8, 43);
insert into post_comments (id, parent_id, text, time, user_id, post_id) values (142, null, 'ligula pellentesque ultrices phasellus id sapien in sapien iaculis congue', '2019-09-27 01:46:55', 11, 35);
insert into post_comments (id, parent_id, text, time, user_id, post_id) values (143, null, 'mauris eget massa tempor convallis nulla neque libero', '2019-06-08 04:43:10', 4, 56);
insert into post_comments (id, parent_id, text, time, user_id, post_id) values (144, null, 'morbi non lectus aliquam sit amet', '2019-05-16 04:24:32', 14, 43);
insert into post_comments (id, parent_id, text, time, user_id, post_id) values (145, null, 'suspendisse potenti cras in purus eu magna vulputate', '2020-01-03 21:40:59', 18, 65);
insert into post_comments (id, parent_id, text, time, user_id, post_id) values (146, null, 'ante vel ipsum praesent blandit lacinia erat vestibulum sed', '2019-08-23 05:57:56', 4, 68);
insert into post_comments (id, parent_id, text, time, user_id, post_id) values (147, null, 'blandit mi in porttitor pede justo eu massa donec dapibus duis at', '2019-09-02 13:42:35', 16, 12);
insert into post_comments (id, parent_id, text, time, user_id, post_id) values (148, null, 'ultrices libero non mattis pulvinar nulla pede ullamcorper augue', '2019-07-02 00:04:48', 6, 2);
insert into post_comments (id, parent_id, text, time, user_id, post_id) values (149, null, 'vel accumsan tellus nisi eu orci mauris lacinia', '2019-11-30 01:56:55', 16, 62);
insert into post_comments (id, parent_id, text, time, user_id, post_id) values (150, null, 'vulputate luctus cum sociis natoque penatibus et magnis dis parturient', '2019-06-10 22:16:06', 17, 9);
insert into post_comments (id, parent_id, text, time, user_id, post_id) values (151, null, 'cubilia curae donec pharetra magna vestibulum', '2019-09-17 01:58:09', 15, 28);
insert into post_comments (id, parent_id, text, time, user_id, post_id) values (152, null, 'turpis adipiscing lorem vitae mattis nibh ligula nec sem duis aliquam convallis', '2020-03-06 04:24:37', 30, 11);
insert into post_comments (id, parent_id, text, time, user_id, post_id) values (153, null, 'lacus purus aliquet at feugiat non pretium quis', '2020-02-21 04:34:22', 5, 34);
insert into post_comments (id, parent_id, text, time, user_id, post_id) values (154, null, 'vestibulum aliquet ultrices erat tortor sollicitudin mi sit amet lobortis', '2019-05-19 16:07:42', 8, 26);
insert into post_comments (id, parent_id, text, time, user_id, post_id) values (155, null, 'odio justo sollicitudin ut suscipit a feugiat', '2019-06-25 02:45:53', 17, 75);
insert into post_comments (id, parent_id, text, time, user_id, post_id) values (156, null, 'quisque erat eros viverra eget congue eget semper rutrum', '2019-06-06 08:53:47', 26, 60);
insert into post_comments (id, parent_id, text, time, user_id, post_id) values (157, null, 'sem fusce consequat nulla nisl nunc nisl duis bibendum felis sed', '2019-07-22 17:02:09', 19, 6);
insert into post_comments (id, parent_id, text, time, user_id, post_id) values (158, null, 'erat vestibulum sed magna at nunc commodo', '2019-08-23 21:06:07', 14, 60);
insert into post_comments (id, parent_id, text, time, user_id, post_id) values (159, null, 'magna bibendum imperdiet nullam orci pede venenatis non sodales sed', '2019-07-26 04:45:05', 2, 12);
insert into post_comments (id, parent_id, text, time, user_id, post_id) values (160, null, 'lectus pellentesque at nulla suspendisse potenti cras in purus eu magna vulputate', '2019-04-07 16:03:26', 11, 61);
insert into post_comments (id, parent_id, text, time, user_id, post_id) values (161, null, 'pede ullamcorper augue a suscipit nulla elit ac nulla sed vel enim', '2019-08-18 20:33:37', 11, 38);
insert into post_comments (id, parent_id, text, time, user_id, post_id) values (162, null, 'mauris vulputate elementum nullam varius nulla facilisi cras', '2019-07-15 03:02:28', 18, 44);
insert into post_comments (id, parent_id, text, time, user_id, post_id) values (163, null, 'platea dictumst maecenas ut massa quis augue luctus tincidunt nulla', '2019-10-25 16:58:09', 22, 38);
insert into post_comments (id, parent_id, text, time, user_id, post_id) values (164, null, 'et ultrices posuere cubilia curae duis faucibus', '2020-03-25 12:22:21', 26, 53);
insert into post_comments (id, parent_id, text, time, user_id, post_id) values (165, null, 'eget eros elementum pellentesque quisque porta volutpat erat quisque erat', '2020-04-04 03:46:40', 27, 64);
insert into post_comments (id, parent_id, text, time, user_id, post_id) values (166, null, 'dapibus augue vel accumsan tellus nisi eu orci', '2019-05-31 09:11:14', 15, 38);
insert into post_comments (id, parent_id, text, time, user_id, post_id) values (167, null, 'blandit ultrices enim lorem ipsum dolor sit amet consectetuer adipiscing elit proin', '2019-10-25 20:15:23', 5, 75);
insert into post_comments (id, parent_id, text, time, user_id, post_id) values (168, null, 'rutrum at lorem integer tincidunt ante vel', '2019-06-08 05:35:01', 26, 6);
insert into post_comments (id, parent_id, text, time, user_id, post_id) values (169, null, 'donec vitae nisi nam ultrices libero', '2019-08-17 10:58:26', 21, 64);
insert into post_comments (id, parent_id, text, time, user_id, post_id) values (170, null, 'quis turpis eget elit sodales scelerisque', '2019-08-08 13:43:16', 27, 71);
insert into post_comments (id, parent_id, text, time, user_id, post_id) values (171, null, 'vivamus vel nulla eget eros elementum pellentesque quisque porta', '2019-12-24 06:53:06', 7, 11);
insert into post_comments (id, parent_id, text, time, user_id, post_id) values (172, null, 'nascetur ridiculus mus vivamus vestibulum sagittis sapien cum sociis natoque penatibus', '2019-07-15 00:57:36', 28, 64);
insert into post_comments (id, parent_id, text, time, user_id, post_id) values (173, null, 'erat volutpat in congue etiam justo etiam pretium iaculis', '2019-04-30 21:54:41', 14, 20);
insert into post_comments (id, parent_id, text, time, user_id, post_id) values (174, null, 'vestibulum eget vulputate ut ultrices vel', '2019-12-23 06:01:07', 2, 17);
insert into post_comments (id, parent_id, text, time, user_id, post_id) values (175, null, 'consequat ut nulla sed accumsan felis ut at', '2019-07-11 07:42:42', 17, 7);
insert into post_comments (id, parent_id, text, time, user_id, post_id) values (176, null, 'iaculis justo in hac habitasse platea dictumst etiam', '2019-09-20 21:48:55', 17, 4);
insert into post_comments (id, parent_id, text, time, user_id, post_id) values (177, null, 'quis orci eget orci vehicula condimentum curabitur in libero ut massa', '2020-01-29 04:18:36', 26, 18);
insert into post_comments (id, parent_id, text, time, user_id, post_id) values (178, null, 'quisque id justo sit amet sapien dignissim vestibulum', '2020-02-05 11:23:21', 13, 33);
insert into post_comments (id, parent_id, text, time, user_id, post_id) values (179, null, 'nec dui luctus rutrum nulla tellus in', '2019-06-24 06:00:28', 11, 35);
insert into post_comments (id, parent_id, text, time, user_id, post_id) values (180, null, 'mauris vulputate elementum nullam varius nulla facilisi cras', '2020-03-16 19:09:07', 26, 57);
insert into post_comments (id, parent_id, text, time, user_id, post_id) values (181, null, 'rhoncus aliquet pulvinar sed nisl nunc rhoncus dui vel', '2019-11-18 20:41:23', 7, 32);
insert into post_comments (id, parent_id, text, time, user_id, post_id) values (182, null, 'odio curabitur convallis duis consequat dui', '2019-10-01 07:43:30', 19, 38);
insert into post_comments (id, parent_id, text, time, user_id, post_id) values (183, null, 'tincidunt eget tempus vel pede morbi porttitor lorem id', '2019-05-31 21:12:35', 10, 3);
insert into post_comments (id, parent_id, text, time, user_id, post_id) values (184, null, 'donec ut dolor morbi vel lectus in quam', '2020-01-21 12:41:20', 22, 1);
insert into post_comments (id, parent_id, text, time, user_id, post_id) values (185, null, 'porta volutpat quam pede lobortis ligula sit', '2019-09-22 04:28:07', 12, 37);
insert into post_comments (id, parent_id, text, time, user_id, post_id) values (186, null, 'amet lobortis sapien sapien non mi integer ac neque duis bibendum', '2019-11-18 17:07:37', 29, 71);
insert into post_comments (id, parent_id, text, time, user_id, post_id) values (187, null, 'eget congue eget semper rutrum nulla nunc purus', '2019-11-06 08:40:34', 15, 27);
insert into post_comments (id, parent_id, text, time, user_id, post_id) values (188, null, 'semper porta volutpat quam pede lobortis', '2019-05-30 01:55:48', 16, 58);
insert into post_comments (id, parent_id, text, time, user_id, post_id) values (189, null, 'porta volutpat erat quisque erat eros viverra eget congue eget semper', '2019-12-22 21:03:38', 4, 43);
insert into post_comments (id, parent_id, text, time, user_id, post_id) values (190, null, 'magna at nunc commodo placerat praesent blandit nam nulla integer', '2020-03-27 08:31:25', 14, 34);
insert into post_comments (id, parent_id, text, time, user_id, post_id) values (191, null, 'ligula pellentesque ultrices phasellus id sapien in', '2019-05-20 11:15:35', 18, 73);
insert into post_comments (id, parent_id, text, time, user_id, post_id) values (192, null, 'in libero ut massa volutpat convallis morbi odio', '2019-10-19 04:51:17', 4, 17);
insert into post_comments (id, parent_id, text, time, user_id, post_id) values (193, null, 'quis orci eget orci vehicula condimentum curabitur in libero', '2019-05-24 23:04:11', 16, 11);
insert into post_comments (id, parent_id, text, time, user_id, post_id) values (194, null, 'proin at turpis a pede posuere nonummy integer', '2019-08-04 00:31:58', 3, 15);
insert into post_comments (id, parent_id, text, time, user_id, post_id) values (195, null, 'tellus nisi eu orci mauris lacinia sapien quis libero nullam sit', '2019-06-25 08:19:11', 3, 31);
insert into post_comments (id, parent_id, text, time, user_id, post_id) values (196, null, 'nam nulla integer pede justo lacinia eget tincidunt eget tempus vel pede', '2020-03-30 05:33:51', 30, 35);
insert into post_comments (id, parent_id, text, time, user_id, post_id) values (197, null, 'eu tincidunt in leo maecenas pulvinar lobortis est phasellus sit amet', '2019-10-04 20:25:15', 13, 4);
insert into post_comments (id, parent_id, text, time, user_id, post_id) values (198, null, 'ut ultrices vel augue vestibulum ante ipsum primis in faucibus orci', '2020-01-25 11:18:27', 9, 31);
insert into post_comments (id, parent_id, text, time, user_id, post_id) values (199, null, 'id nulla ultrices aliquet maecenas leo odio condimentum id luctus nec molestie', '2019-12-15 08:58:58', 23, 21);
insert into post_comments (id, parent_id, text, time, user_id, post_id) values (200, null, 'quisque porta volutpat erat quisque erat eros viverra eget', '2019-08-28 22:38:47', 12, 30);
insert into post_comments (id, parent_id, text, time, user_id, post_id) values (201, null, 'molestie nibh in lectus pellentesque at nulla', '2019-08-16 22:33:19', 25, 53);
insert into post_comments (id, parent_id, text, time, user_id, post_id) values (202, null, 'quam pharetra magna ac consequat metus sapien ut nunc vestibulum', '2020-03-03 04:58:01', 24, 26);
insert into post_comments (id, parent_id, text, time, user_id, post_id) values (203, null, 'nibh in quis justo maecenas rhoncus aliquam lacus morbi', '2019-11-18 20:10:01', 10, 5);
insert into post_comments (id, parent_id, text, time, user_id, post_id) values (204, null, 'ultricies eu nibh quisque id justo sit', '2019-10-29 09:25:41', 1, 43);
insert into post_comments (id, parent_id, text, time, user_id, post_id) values (205, null, 'sollicitudin ut suscipit a feugiat et', '2020-01-24 21:27:09', 17, 17);
insert into post_comments (id, parent_id, text, time, user_id, post_id) values (206, null, 'rhoncus aliquet pulvinar sed nisl nunc rhoncus dui vel sem sed sagittis', '2020-02-03 03:15:29', 6, 14);
insert into post_comments (id, parent_id, text, time, user_id, post_id) values (207, null, 'non velit donec diam neque vestibulum eget vulputate', '2019-11-12 17:21:52', 13, 49);
insert into post_comments (id, parent_id, text, time, user_id, post_id) values (208, null, 'pulvinar nulla pede ullamcorper augue a suscipit nulla elit ac nulla', '2019-12-04 06:11:17', 21, 25);
insert into post_comments (id, parent_id, text, time, user_id, post_id) values (209, null, 'donec ut dolor morbi vel lectus in quam fringilla', '2019-07-21 14:01:15', 16, 45);
insert into post_comments (id, parent_id, text, time, user_id, post_id) values (210, null, 'id turpis integer aliquet massa id lobortis', '2019-05-31 21:46:06', 26, 64);
insert into post_comments (id, parent_id, text, time, user_id, post_id) values (211, null, 'augue aliquam erat volutpat in congue', '2019-07-05 12:29:34', 18, 49);
insert into post_comments (id, parent_id, text, time, user_id, post_id) values (212, null, 'augue quam sollicitudin vitae consectetuer eget rutrum at lorem integer tincidunt ante', '2019-08-13 23:38:17', 30, 42);
insert into post_comments (id, parent_id, text, time, user_id, post_id) values (213, null, 'sed justo pellentesque viverra pede ac diam cras pellentesque', '2020-03-30 16:49:06', 29, 76);
insert into post_comments (id, parent_id, text, time, user_id, post_id) values (214, null, 'condimentum curabitur in libero ut massa', '2020-02-29 04:39:31', 13, 16);
insert into post_comments (id, parent_id, text, time, user_id, post_id) values (215, null, 'pharetra magna vestibulum aliquet ultrices erat tortor sollicitudin mi', '2019-09-21 04:09:01', 5, 36);
insert into post_comments (id, parent_id, text, time, user_id, post_id) values (216, null, 'sit amet cursus id turpis integer aliquet massa id lobortis', '2020-03-14 05:25:37', 11, 72);
insert into post_comments (id, parent_id, text, time, user_id, post_id) values (217, null, 'justo morbi ut odio cras mi pede malesuada', '2019-07-20 07:58:33', 4, 38);
insert into post_comments (id, parent_id, text, time, user_id, post_id) values (218, null, 'rhoncus dui vel sem sed sagittis nam congue', '2019-09-15 01:03:15', 23, 17);
insert into post_comments (id, parent_id, text, time, user_id, post_id) values (219, null, 'vitae mattis nibh ligula nec sem duis aliquam', '2019-09-13 02:23:19', 28, 71);
insert into post_comments (id, parent_id, text, time, user_id, post_id) values (220, null, 'pellentesque ultrices mattis odio donec vitae nisi nam ultrices libero non', '2019-07-21 22:03:38', 5, 19);
insert into post_comments (id, parent_id, text, time, user_id, post_id) values (221, null, 'lectus pellentesque at nulla suspendisse potenti cras in purus', '2019-12-20 06:27:43', 25, 1);
insert into post_comments (id, parent_id, text, time, user_id, post_id) values (222, null, 'sit amet eleifend pede libero quis orci nullam', '2020-01-30 13:21:31', 18, 61);
insert into post_comments (id, parent_id, text, time, user_id, post_id) values (223, null, 'tortor id nulla ultrices aliquet maecenas leo odio condimentum', '2019-11-28 16:27:07', 15, 74);
insert into post_comments (id, parent_id, text, time, user_id, post_id) values (224, null, 'morbi vestibulum velit id pretium iaculis', '2020-02-09 21:52:45', 8, 15);
insert into post_comments (id, parent_id, text, time, user_id, post_id) values (225, null, 'nunc purus phasellus in felis donec semper sapien', '2020-01-12 00:30:57', 5, 20);
insert into post_comments (id, parent_id, text, time, user_id, post_id) values (226, null, 'justo sollicitudin ut suscipit a feugiat et eros vestibulum ac est', '2019-12-03 21:39:12', 26, 76);
insert into post_comments (id, parent_id, text, time, user_id, post_id) values (227, null, 'a pede posuere nonummy integer non velit donec diam neque vestibulum eget', '2019-06-12 03:38:55', 11, 8);
insert into post_comments (id, parent_id, text, time, user_id, post_id) values (228, null, 'aliquam augue quam sollicitudin vitae consectetuer eget rutrum at', '2019-09-01 20:03:54', 24, 3);
insert into post_comments (id, parent_id, text, time, user_id, post_id) values (229, null, 'urna pretium nisl ut volutpat sapien arcu sed augue aliquam', '2020-02-27 03:03:59', 11, 35);
insert into post_comments (id, parent_id, text, time, user_id, post_id) values (230, null, 'aliquet pulvinar sed nisl nunc rhoncus dui', '2020-01-22 09:09:42', 16, 19);
insert into post_comments (id, parent_id, text, time, user_id, post_id) values (231, null, 'dignissim vestibulum vestibulum ante ipsum primis in', '2019-11-24 03:06:24', 24, 18);
insert into post_comments (id, parent_id, text, time, user_id, post_id) values (232, null, 'ultrices enim lorem ipsum dolor sit amet', '2019-10-12 02:30:30', 18, 26);
insert into post_comments (id, parent_id, text, time, user_id, post_id) values (233, null, 'a pede posuere nonummy integer non velit donec diam neque vestibulum eget', '2019-10-20 05:36:06', 12, 7);
insert into post_comments (id, parent_id, text, time, user_id, post_id) values (234, null, 'nullam varius nulla facilisi cras non velit nec nisi', '2019-10-08 02:49:45', 3, 28);
insert into post_comments (id, parent_id, text, time, user_id, post_id) values (235, null, 'volutpat erat quisque erat eros viverra', '2019-10-07 20:33:06', 21, 17);
insert into post_comments (id, parent_id, text, time, user_id, post_id) values (236, null, 'diam erat fermentum justo nec condimentum neque sapien placerat ante', '2019-04-20 07:40:36', 20, 65);
insert into post_comments (id, parent_id, text, time, user_id, post_id) values (237, null, 'auctor gravida sem praesent id massa id nisl venenatis', '2020-03-27 21:30:59', 8, 69);
insert into post_comments (id, parent_id, text, time, user_id, post_id) values (238, null, 'consequat metus sapien ut nunc vestibulum ante ipsum primis in faucibus orci', '2019-12-29 16:28:29', 1, 25);
insert into post_comments (id, parent_id, text, time, user_id, post_id) values (239, null, 'et ultrices posuere cubilia curae mauris viverra diam', '2019-07-24 01:28:16', 16, 37);
insert into post_comments (id, parent_id, text, time, user_id, post_id) values (240, null, 'sapien iaculis congue vivamus metus arcu adipiscing molestie hendrerit at vulputate vitae', '2019-07-26 10:11:44', 10, 4);
insert into post_comments (id, parent_id, text, time, user_id, post_id) values (241, null, 'nascetur ridiculus mus vivamus vestibulum sagittis sapien cum sociis natoque', '2020-01-03 04:08:48', 11, 68);
insert into post_comments (id, parent_id, text, time, user_id, post_id) values (242, null, 'viverra pede ac diam cras pellentesque volutpat dui maecenas tristique est', '2020-01-15 05:34:11', 2, 36);
insert into post_comments (id, parent_id, text, time, user_id, post_id) values (243, null, 'quam a odio in hac habitasse platea dictumst maecenas', '2019-05-03 07:55:17', 28, 29);
insert into post_comments (id, parent_id, text, time, user_id, post_id) values (244, null, 'ornare consequat lectus in est risus auctor sed tristique', '2020-01-16 08:12:32', 4, 47);
insert into post_comments (id, parent_id, text, time, user_id, post_id) values (245, null, 'curabitur convallis duis consequat dui nec nisi volutpat eleifend donec', '2019-05-11 06:39:37', 5, 3);
insert into post_comments (id, parent_id, text, time, user_id, post_id) values (246, null, 'vestibulum quam sapien varius ut blandit', '2019-10-30 03:50:06', 19, 49);
insert into post_comments (id, parent_id, text, time, user_id, post_id) values (247, null, 'id pretium iaculis diam erat fermentum justo nec condimentum', '2019-09-05 16:20:43', 22, 64);
insert into post_comments (id, parent_id, text, time, user_id, post_id) values (248, null, 'in sagittis dui vel nisl duis ac nibh fusce lacus', '2019-12-11 10:29:52', 14, 42);
insert into post_comments (id, parent_id, text, time, user_id, post_id) values (249, null, 'adipiscing elit proin interdum mauris non ligula pellentesque', '2019-12-09 05:21:08', 19, 17);
insert into post_comments (id, parent_id, text, time, user_id, post_id) values (250, null, 'ac tellus semper interdum mauris ullamcorper purus sit amet', '2020-03-15 20:35:50', 15, 63);
insert into post_comments (id, parent_id, text, time, user_id, post_id) values (251, null, 'nascetur ridiculus mus vivamus vestibulum sagittis sapien cum sociis', '2020-03-20 15:57:04', 7, 12);
insert into post_comments (id, parent_id, text, time, user_id, post_id) values (252, null, 'molestie nibh in lectus pellentesque at', '2020-02-17 00:53:51', 19, 26);
insert into post_comments (id, parent_id, text, time, user_id, post_id) values (253, null, 'eget elit sodales scelerisque mauris sit amet eros suspendisse', '2019-08-29 16:37:17', 15, 38);
insert into post_comments (id, parent_id, text, time, user_id, post_id) values (254, null, 'nulla eget eros elementum pellentesque quisque porta volutpat erat quisque', '2019-06-14 23:28:48', 14, 43);
insert into post_comments (id, parent_id, text, time, user_id, post_id) values (255, null, 'consectetuer adipiscing elit proin risus praesent lectus', '2020-03-15 19:57:53', 3, 35);
insert into post_comments (id, parent_id, text, time, user_id, post_id) values (256, null, 'volutpat sapien arcu sed augue aliquam erat volutpat', '2020-02-16 07:37:20', 28, 36);
insert into post_comments (id, parent_id, text, time, user_id, post_id) values (257, null, 'in lacus curabitur at ipsum ac tellus semper', '2019-05-26 11:17:06', 30, 52);
insert into post_comments (id, parent_id, text, time, user_id, post_id) values (258, null, 'tincidunt eu felis fusce posuere felis sed lacus', '2019-12-03 09:14:19', 19, 13);
insert into post_comments (id, parent_id, text, time, user_id, post_id) values (259, null, 'in blandit ultrices enim lorem ipsum dolor sit amet consectetuer adipiscing', '2019-06-12 00:00:37', 5, 54);
insert into post_comments (id, parent_id, text, time, user_id, post_id) values (260, null, 'sed sagittis nam congue risus semper', '2019-06-05 01:27:18', 15, 75);
insert into post_comments (id, parent_id, text, time, user_id, post_id) values (261, null, 'id turpis integer aliquet massa id lobortis', '2019-09-18 16:27:40', 6, 64);
insert into post_comments (id, parent_id, text, time, user_id, post_id) values (262, null, 'vulputate nonummy maecenas tincidunt lacus at velit vivamus vel nulla eget eros', '2019-12-25 16:12:00', 25, 54);
insert into post_comments (id, parent_id, text, time, user_id, post_id) values (263, null, 'consectetuer eget rutrum at lorem integer tincidunt', '2019-05-22 07:47:58', 2, 42);
insert into post_comments (id, parent_id, text, time, user_id, post_id) values (264, null, 'maecenas pulvinar lobortis est phasellus sit amet erat nulla', '2020-01-04 12:30:59', 12, 3);
insert into post_comments (id, parent_id, text, time, user_id, post_id) values (265, null, 'eleifend donec ut dolor morbi vel lectus in', '2019-09-25 20:17:51', 28, 35);
insert into post_comments (id, parent_id, text, time, user_id, post_id) values (266, null, 'primis in faucibus orci luctus et ultrices posuere', '2020-02-17 00:08:30', 29, 26);
insert into post_comments (id, parent_id, text, time, user_id, post_id) values (267, null, 'duis consequat dui nec nisi volutpat eleifend donec ut dolor', '2020-03-06 21:28:03', 22, 46);
insert into post_comments (id, parent_id, text, time, user_id, post_id) values (268, null, 'congue vivamus metus arcu adipiscing molestie hendrerit', '2019-05-13 17:41:39', 11, 9);
insert into post_comments (id, parent_id, text, time, user_id, post_id) values (269, null, 'vel pede morbi porttitor lorem id ligula suspendisse', '2020-03-03 20:43:10', 23, 71);
insert into post_comments (id, parent_id, text, time, user_id, post_id) values (270, null, 'varius ut blandit non interdum in ante vestibulum ante ipsum', '2019-12-21 11:48:12', 15, 57);
insert into post_comments (id, parent_id, text, time, user_id, post_id) values (271, null, 'potenti cras in purus eu magna vulputate luctus cum sociis', '2019-11-23 18:31:27', 20, 25);
insert into post_comments (id, parent_id, text, time, user_id, post_id) values (272, null, 'molestie hendrerit at vulputate vitae nisl aenean lectus pellentesque', '2019-09-03 22:57:31', 11, 35);
insert into post_comments (id, parent_id, text, time, user_id, post_id) values (273, null, 'consequat in consequat ut nulla sed accumsan felis', '2019-08-24 12:03:10', 16, 7);
insert into post_comments (id, parent_id, text, time, user_id, post_id) values (274, null, 'quisque id justo sit amet sapien dignissim vestibulum vestibulum ante ipsum', '2020-02-18 02:07:31', 18, 28);
insert into post_comments (id, parent_id, text, time, user_id, post_id) values (275, null, 'vestibulum ante ipsum primis in faucibus orci luctus et', '2019-06-13 09:00:50', 2, 54);
insert into post_comments (id, parent_id, text, time, user_id, post_id) values (276, null, 'duis aliquam convallis nunc proin at turpis a pede posuere nonummy', '2019-08-19 14:34:31', 23, 65);
insert into post_comments (id, parent_id, text, time, user_id, post_id) values (277, null, 'et ultrices posuere cubilia curae donec pharetra magna vestibulum', '2019-05-01 11:33:33', 2, 74);
insert into post_comments (id, parent_id, text, time, user_id, post_id) values (278, null, 'quis libero nullam sit amet turpis elementum ligula vehicula', '2019-04-06 13:52:15', 17, 65);
insert into post_comments (id, parent_id, text, time, user_id, post_id) values (279, null, 'congue etiam justo etiam pretium iaculis justo in hac habitasse platea dictumst', '2020-03-20 10:41:56', 2, 4);
insert into post_comments (id, parent_id, text, time, user_id, post_id) values (280, null, 'elit proin interdum mauris non ligula pellentesque ultrices phasellus id', '2020-04-03 02:43:46', 26, 44);
insert into post_comments (id, parent_id, text, time, user_id, post_id) values (281, null, 'auctor gravida sem praesent id massa', '2019-07-17 16:34:41', 13, 14);
insert into post_comments (id, parent_id, text, time, user_id, post_id) values (282, null, 'enim lorem ipsum dolor sit amet', '2020-02-15 22:16:09', 12, 24);
insert into post_comments (id, parent_id, text, time, user_id, post_id) values (283, null, 'ut nulla sed accumsan felis ut at dolor quis odio', '2019-12-07 17:13:56', 23, 59);
insert into post_comments (id, parent_id, text, time, user_id, post_id) values (284, null, 'aliquam erat volutpat in congue etiam', '2019-08-09 02:30:34', 7, 7);
insert into post_comments (id, parent_id, text, time, user_id, post_id) values (285, null, 'arcu adipiscing molestie hendrerit at vulputate', '2019-10-12 00:25:56', 10, 52);
insert into post_comments (id, parent_id, text, time, user_id, post_id) values (286, null, 'cum sociis natoque penatibus et magnis dis parturient montes nascetur', '2019-11-03 11:16:47', 26, 4);
insert into post_comments (id, parent_id, text, time, user_id, post_id) values (287, null, 'porttitor lorem id ligula suspendisse ornare consequat lectus in', '2020-02-19 07:02:06', 3, 34);
insert into post_comments (id, parent_id, text, time, user_id, post_id) values (288, null, 'sapien urna pretium nisl ut volutpat', '2020-01-12 21:07:53', 16, 73);
insert into post_comments (id, parent_id, text, time, user_id, post_id) values (289, null, 'lorem vitae mattis nibh ligula nec sem duis aliquam', '2019-09-09 04:48:50', 24, 48);
insert into post_comments (id, parent_id, text, time, user_id, post_id) values (290, null, 'rutrum neque aenean auctor gravida sem praesent id massa id nisl', '2019-04-28 13:42:28', 25, 73);
insert into post_comments (id, parent_id, text, time, user_id, post_id) values (291, null, 'odio elementum eu interdum eu tincidunt in leo maecenas', '2019-11-22 18:24:15', 13, 67);
insert into post_comments (id, parent_id, text, time, user_id, post_id) values (292, null, 'ante vivamus tortor duis mattis egestas metus aenean fermentum donec ut', '2019-05-02 03:53:58', 15, 35);
insert into post_comments (id, parent_id, text, time, user_id, post_id) values (293, null, 'elit proin interdum mauris non ligula pellentesque ultrices phasellus id sapien in', '2019-06-18 10:32:06', 3, 47);
insert into post_comments (id, parent_id, text, time, user_id, post_id) values (294, null, 'sit amet sem fusce consequat nulla nisl nunc nisl', '2019-06-24 04:56:20', 19, 40);
insert into post_comments (id, parent_id, text, time, user_id, post_id) values (295, null, 'orci vehicula condimentum curabitur in libero ut massa', '2019-10-08 08:44:35', 15, 74);
insert into post_comments (id, parent_id, text, time, user_id, post_id) values (296, null, 'mauris non ligula pellentesque ultrices phasellus id sapien in sapien iaculis congue', '2020-03-13 13:29:23', 30, 4);
insert into post_comments (id, parent_id, text, time, user_id, post_id) values (297, null, 'pede libero quis orci nullam molestie nibh in lectus pellentesque', '2019-08-22 01:18:37', 29, 7);
insert into post_comments (id, parent_id, text, time, user_id, post_id) values (298, null, 'congue risus semper porta volutpat quam pede lobortis ligula sit amet', '2019-11-11 01:14:46', 10, 48);
insert into post_comments (id, parent_id, text, time, user_id, post_id) values (299, null, 'sed ante vivamus tortor duis mattis egestas metus aenean fermentum donec ut', '2019-09-05 02:27:58', 13, 7);
insert into post_comments (id, parent_id, text, time, user_id, post_id) values (300, null, 'sociis natoque penatibus et magnis dis parturient montes nascetur ridiculus mus etiam', '2019-08-29 08:43:07', 25, 69);
insert into post_comments (id, parent_id, text, time, user_id, post_id) values (301, null, 'diam neque vestibulum eget vulputate ut ultrices vel augue vestibulum ante ipsum', '2019-05-17 05:20:27', 8, 53);
insert into post_comments (id, parent_id, text, time, user_id, post_id) values (302, null, 'egestas metus aenean fermentum donec ut mauris eget massa', '2019-04-16 07:29:54', 9, 70);
insert into post_comments (id, parent_id, text, time, user_id, post_id) values (303, null, 'venenatis lacinia aenean sit amet justo morbi ut odio', '2019-12-26 11:11:13', 29, 61);
insert into post_comments (id, parent_id, text, time, user_id, post_id) values (304, null, 'at nunc commodo placerat praesent blandit nam nulla integer pede justo', '2019-06-15 23:40:58', 6, 72);
insert into post_comments (id, parent_id, text, time, user_id, post_id) values (305, null, 'in lectus pellentesque at nulla suspendisse potenti cras in purus eu', '2019-06-30 20:09:40', 18, 61);
insert into post_comments (id, parent_id, text, time, user_id, post_id) values (306, null, 'semper interdum mauris ullamcorper purus sit amet', '2019-11-18 21:06:00', 30, 11);
insert into post_comments (id, parent_id, text, time, user_id, post_id) values (307, null, 'ut ultrices vel augue vestibulum ante ipsum primis in faucibus orci luctus', '2019-11-03 01:52:58', 26, 38);
insert into post_comments (id, parent_id, text, time, user_id, post_id) values (308, null, 'imperdiet nullam orci pede venenatis non sodales sed tincidunt', '2019-04-12 05:27:35', 1, 43);
insert into post_comments (id, parent_id, text, time, user_id, post_id) values (309, null, 'pede morbi porttitor lorem id ligula suspendisse ornare consequat', '2019-06-18 18:27:54', 28, 25);
insert into post_comments (id, parent_id, text, time, user_id, post_id) values (310, null, 'venenatis lacinia aenean sit amet justo morbi ut odio cras mi pede', '2019-12-23 05:44:11', 20, 14);
insert into post_comments (id, parent_id, text, time, user_id, post_id) values (311, null, 'erat curabitur gravida nisi at nibh in', '2019-08-25 20:04:29', 20, 36);
insert into post_comments (id, parent_id, text, time, user_id, post_id) values (312, null, 'scelerisque mauris sit amet eros suspendisse accumsan tortor quis turpis sed ante', '2019-04-18 16:03:02', 6, 34);
insert into post_comments (id, parent_id, text, time, user_id, post_id) values (313, null, 'faucibus orci luctus et ultrices posuere cubilia curae donec pharetra magna vestibulum', '2019-11-18 11:57:28', 7, 51);
insert into post_comments (id, parent_id, text, time, user_id, post_id) values (314, null, 'tincidunt lacus at velit vivamus vel nulla eget eros elementum', '2019-07-31 20:57:22', 17, 17);
insert into post_comments (id, parent_id, text, time, user_id, post_id) values (315, null, 'etiam pretium iaculis justo in hac habitasse platea dictumst etiam', '2019-11-11 17:37:44', 20, 76);
insert into post_comments (id, parent_id, text, time, user_id, post_id) values (316, null, 'molestie sed justo pellentesque viverra pede ac diam cras', '2019-08-03 13:06:37', 25, 60);
insert into post_comments (id, parent_id, text, time, user_id, post_id) values (317, null, 'hac habitasse platea dictumst aliquam augue quam', '2019-08-02 04:48:52', 16, 23);
insert into post_comments (id, parent_id, text, time, user_id, post_id) values (318, null, 'in leo maecenas pulvinar lobortis est phasellus sit amet erat nulla', '2019-11-06 17:07:41', 27, 9);
insert into post_comments (id, parent_id, text, time, user_id, post_id) values (319, null, 'nulla nisl nunc nisl duis bibendum felis sed interdum venenatis turpis enim', '2019-04-15 02:30:05', 26, 63);
insert into post_comments (id, parent_id, text, time, user_id, post_id) values (320, null, 'in consequat ut nulla sed accumsan felis ut at dolor quis', '2020-02-27 02:21:12', 25, 70);
insert into post_comments (id, parent_id, text, time, user_id, post_id) values (321, null, 'eget congue eget semper rutrum nulla nunc purus phasellus in felis donec', '2019-04-29 09:43:51', 21, 50);
insert into post_comments (id, parent_id, text, time, user_id, post_id) values (322, null, 'nulla tempus vivamus in felis eu', '2019-12-27 22:32:56', 23, 60);
insert into post_comments (id, parent_id, text, time, user_id, post_id) values (323, null, 'ipsum primis in faucibus orci luctus et ultrices posuere cubilia curae duis', '2020-02-23 19:00:43', 18, 59);
insert into post_comments (id, parent_id, text, time, user_id, post_id) values (324, null, 'enim in tempor turpis nec euismod scelerisque', '2019-07-01 07:54:02', 10, 28);
insert into post_comments (id, parent_id, text, time, user_id, post_id) values (325, null, 'sem fusce consequat nulla nisl nunc nisl duis bibendum felis sed', '2020-02-24 08:33:15', 14, 65);
insert into post_comments (id, parent_id, text, time, user_id, post_id) values (326, null, 'risus semper porta volutpat quam pede lobortis', '2020-02-11 22:41:01', 2, 21);
insert into post_comments (id, parent_id, text, time, user_id, post_id) values (327, null, 'vulputate justo in blandit ultrices enim', '2019-07-22 08:59:32', 20, 56);
insert into post_comments (id, parent_id, text, time, user_id, post_id) values (328, null, 'lectus pellentesque eget nunc donec quis orci eget orci vehicula', '2019-04-07 08:26:00', 22, 72);
insert into post_comments (id, parent_id, text, time, user_id, post_id) values (329, null, 'vestibulum ante ipsum primis in faucibus orci luctus et ultrices', '2019-08-29 08:44:33', 23, 37);
insert into post_comments (id, parent_id, text, time, user_id, post_id) values (330, null, 'augue vestibulum ante ipsum primis in faucibus orci luctus et', '2019-08-03 12:14:14', 2, 36);
insert into post_comments (id, parent_id, text, time, user_id, post_id) values (331, null, 'semper sapien a libero nam dui proin leo odio', '2019-08-26 20:54:12', 6, 64);
insert into post_comments (id, parent_id, text, time, user_id, post_id) values (332, null, 'id luctus nec molestie sed justo pellentesque viverra pede ac diam', '2019-09-10 07:05:38', 2, 72);
insert into post_comments (id, parent_id, text, time, user_id, post_id) values (333, null, 'ut tellus nulla ut erat id mauris vulputate elementum nullam', '2019-07-03 05:26:30', 25, 10);
insert into post_comments (id, parent_id, text, time, user_id, post_id) values (334, null, 'nascetur ridiculus mus vivamus vestibulum sagittis sapien cum', '2019-10-21 22:32:18', 24, 55);
insert into post_comments (id, parent_id, text, time, user_id, post_id) values (335, null, 'curae duis faucibus accumsan odio curabitur convallis duis', '2019-05-13 01:18:48', 13, 26);
insert into post_comments (id, parent_id, text, time, user_id, post_id) values (336, null, 'in ante vestibulum ante ipsum primis in faucibus orci luctus', '2019-05-24 00:19:11', 30, 50);
insert into post_comments (id, parent_id, text, time, user_id, post_id) values (337, null, 'in lectus pellentesque at nulla suspendisse potenti', '2019-12-15 12:09:42', 12, 68);
insert into post_comments (id, parent_id, text, time, user_id, post_id) values (338, null, 'auctor gravida sem praesent id massa id nisl venenatis lacinia aenean sit', '2019-11-04 01:04:22', 28, 13);
insert into post_comments (id, parent_id, text, time, user_id, post_id) values (339, null, 'suspendisse potenti nullam porttitor lacus at turpis donec posuere metus vitae', '2020-01-18 01:21:52', 13, 5);
insert into post_comments (id, parent_id, text, time, user_id, post_id) values (340, null, 'gravida sem praesent id massa id nisl venenatis lacinia', '2020-03-16 22:20:38', 28, 57);
insert into post_comments (id, parent_id, text, time, user_id, post_id) values (341, null, 'morbi a ipsum integer a nibh in quis justo maecenas rhoncus', '2019-06-22 18:38:11', 26, 7);
insert into post_comments (id, parent_id, text, time, user_id, post_id) values (342, null, 'ac tellus semper interdum mauris ullamcorper purus sit amet nulla quisque arcu', '2019-11-22 13:05:52', 24, 28);
insert into post_comments (id, parent_id, text, time, user_id, post_id) values (343, null, 'habitasse platea dictumst maecenas ut massa quis augue', '2019-12-23 06:01:44', 19, 74);
insert into post_comments (id, parent_id, text, time, user_id, post_id) values (344, null, 'adipiscing lorem vitae mattis nibh ligula nec sem duis aliquam convallis', '2019-09-24 07:58:23', 3, 10);
insert into post_comments (id, parent_id, text, time, user_id, post_id) values (345, null, 'morbi non quam nec dui luctus rutrum nulla tellus in sagittis', '2019-05-05 08:05:46', 28, 11);
insert into post_comments (id, parent_id, text, time, user_id, post_id) values (346, null, 'orci luctus et ultrices posuere cubilia curae duis', '2019-09-03 12:34:24', 25, 52);
insert into post_comments (id, parent_id, text, time, user_id, post_id) values (347, null, 'sit amet justo morbi ut odio cras mi pede malesuada in imperdiet', '2019-04-19 17:13:33', 18, 53);
insert into post_comments (id, parent_id, text, time, user_id, post_id) values (348, null, 'primis in faucibus orci luctus et ultrices posuere cubilia curae mauris viverra', '2019-08-07 16:13:24', 2, 55);
insert into post_comments (id, parent_id, text, time, user_id, post_id) values (349, null, 'nulla sed vel enim sit amet nunc', '2020-03-08 16:55:55', 10, 76);
insert into post_comments (id, parent_id, text, time, user_id, post_id) values (350, null, 'dolor sit amet consectetuer adipiscing elit proin interdum', '2019-12-10 17:45:57', 8, 64);
insert into post_comments (id, parent_id, text, time, user_id, post_id) values (351, null, 'at turpis donec posuere metus vitae ipsum aliquam', '2019-12-19 03:04:46', 8, 33);
insert into post_comments (id, parent_id, text, time, user_id, post_id) values (352, null, 'fusce congue diam id ornare imperdiet sapien urna pretium nisl ut volutpat', '2020-01-26 12:01:40', 23, 38);
insert into post_comments (id, parent_id, text, time, user_id, post_id) values (353, null, 'venenatis lacinia aenean sit amet justo morbi ut odio cras', '2020-02-22 22:08:44', 12, 34);
insert into post_comments (id, parent_id, text, time, user_id, post_id) values (354, null, 'sem praesent id massa id nisl venenatis lacinia', '2020-01-01 23:35:03', 24, 73);
insert into post_comments (id, parent_id, text, time, user_id, post_id) values (355, null, 'ultrices enim lorem ipsum dolor sit', '2019-11-06 10:41:36', 24, 65);
insert into post_comments (id, parent_id, text, time, user_id, post_id) values (356, null, 'varius nulla facilisi cras non velit nec nisi vulputate', '2019-08-17 02:25:09', 9, 35);

--INSERT post_votes
insert into post_votes (id, time, user_id, value, post_id) values (1, '2019-07-17 21:32:39', 10, -1, 37);
insert into post_votes (id, time, user_id, value, post_id) values (2, '2020-03-03 02:45:19', 16, 1, 49);
insert into post_votes (id, time, user_id, value, post_id) values (3, '2020-01-15 18:07:58', 21, 1, 70);
insert into post_votes (id, time, user_id, value, post_id) values (4, '2019-11-19 08:48:19', 19, -1, 6);
insert into post_votes (id, time, user_id, value, post_id) values (5, '2019-04-25 21:46:27', 4, -1, 46);
insert into post_votes (id, time, user_id, value, post_id) values (6, '2019-11-17 08:37:52', 6, -1, 40);
insert into post_votes (id, time, user_id, value, post_id) values (7, '2019-10-21 10:18:05', 5, 1, 55);
insert into post_votes (id, time, user_id, value, post_id) values (8, '2020-02-08 03:53:37', 20, 1, 74);
insert into post_votes (id, time, user_id, value, post_id) values (9, '2019-12-26 04:27:05', 14, 1, 39);
insert into post_votes (id, time, user_id, value, post_id) values (10, '2020-01-20 23:38:08', 15, 1, 18);
insert into post_votes (id, time, user_id, value, post_id) values (11, '2020-01-12 23:26:19', 17, 1, 13);
insert into post_votes (id, time, user_id, value, post_id) values (12, '2019-10-16 03:23:09', 12, 1, 26);
insert into post_votes (id, time, user_id, value, post_id) values (13, '2019-10-10 05:15:07', 28, 1, 72);
insert into post_votes (id, time, user_id, value, post_id) values (14, '2019-05-11 18:39:18', 18, 1, 47);
insert into post_votes (id, time, user_id, value, post_id) values (15, '2019-09-13 19:03:05', 18, 1, 44);
insert into post_votes (id, time, user_id, value, post_id) values (16, '2019-06-26 04:53:52', 14, -1, 58);
insert into post_votes (id, time, user_id, value, post_id) values (17, '2020-03-26 21:27:23', 13, -1, 41);
insert into post_votes (id, time, user_id, value, post_id) values (18, '2019-08-25 03:00:19', 4, 1, 2);
insert into post_votes (id, time, user_id, value, post_id) values (19, '2019-07-26 12:45:59', 6, -1, 57);
insert into post_votes (id, time, user_id, value, post_id) values (20, '2019-12-27 06:44:00', 3, -1, 37);
insert into post_votes (id, time, user_id, value, post_id) values (21, '2020-02-19 13:46:55', 19, 1, 66);
insert into post_votes (id, time, user_id, value, post_id) values (22, '2019-10-02 18:11:37', 16, -1, 42);
insert into post_votes (id, time, user_id, value, post_id) values (23, '2019-08-18 18:32:24', 8, -1, 35);
insert into post_votes (id, time, user_id, value, post_id) values (24, '2019-09-23 21:39:54', 18, -1, 38);
insert into post_votes (id, time, user_id, value, post_id) values (25, '2019-11-29 08:33:47', 13, 1, 45);
insert into post_votes (id, time, user_id, value, post_id) values (26, '2020-03-09 05:25:15', 12, 1, 55);
insert into post_votes (id, time, user_id, value, post_id) values (27, '2020-02-04 18:34:04', 30, 1, 52);
insert into post_votes (id, time, user_id, value, post_id) values (28, '2020-03-17 17:14:41', 21, 1, 3);
insert into post_votes (id, time, user_id, value, post_id) values (29, '2019-12-02 13:20:28', 12, -1, 42);
insert into post_votes (id, time, user_id, value, post_id) values (30, '2019-12-05 05:04:38', 10, -1, 24);
insert into post_votes (id, time, user_id, value, post_id) values (31, '2019-11-05 03:47:10', 9, -1, 43);
insert into post_votes (id, time, user_id, value, post_id) values (32, '2019-04-25 11:12:53', 19, 1, 7);
insert into post_votes (id, time, user_id, value, post_id) values (33, '2019-06-01 16:59:35', 3, 1, 73);
insert into post_votes (id, time, user_id, value, post_id) values (34, '2019-04-19 01:18:49', 22, 1, 3);
insert into post_votes (id, time, user_id, value, post_id) values (35, '2019-05-09 07:23:46', 29, 1, 14);
insert into post_votes (id, time, user_id, value, post_id) values (36, '2019-07-23 19:57:36', 8, 1, 49);
insert into post_votes (id, time, user_id, value, post_id) values (37, '2020-02-27 01:18:40', 2, 1, 31);
insert into post_votes (id, time, user_id, value, post_id) values (38, '2019-12-22 13:10:02', 19, 1, 4);
insert into post_votes (id, time, user_id, value, post_id) values (39, '2019-08-23 11:21:27', 15, -1, 16);
insert into post_votes (id, time, user_id, value, post_id) values (40, '2019-12-18 05:19:19', 16, 1, 66);
insert into post_votes (id, time, user_id, value, post_id) values (41, '2020-02-05 02:44:16', 14, -1, 14);
insert into post_votes (id, time, user_id, value, post_id) values (42, '2019-05-08 04:46:10', 11, 1, 40);
insert into post_votes (id, time, user_id, value, post_id) values (43, '2019-09-11 01:51:39', 22, 1, 33);
insert into post_votes (id, time, user_id, value, post_id) values (44, '2020-03-21 04:32:50', 28, 1, 28);
insert into post_votes (id, time, user_id, value, post_id) values (45, '2019-09-04 04:32:09', 10, -1, 19);
insert into post_votes (id, time, user_id, value, post_id) values (46, '2019-05-25 11:28:11', 7, -1, 50);
insert into post_votes (id, time, user_id, value, post_id) values (47, '2019-04-13 08:47:41', 12, 1, 44);
insert into post_votes (id, time, user_id, value, post_id) values (48, '2019-04-14 20:06:33', 11, -1, 13);
insert into post_votes (id, time, user_id, value, post_id) values (49, '2019-07-11 18:52:56', 25, 1, 37);
insert into post_votes (id, time, user_id, value, post_id) values (50, '2019-09-17 16:23:32', 4, 1, 15);
insert into post_votes (id, time, user_id, value, post_id) values (51, '2019-09-08 03:30:13', 4, 1, 13);
insert into post_votes (id, time, user_id, value, post_id) values (52, '2020-01-30 11:34:01', 15, -1, 43);
insert into post_votes (id, time, user_id, value, post_id) values (53, '2020-03-29 03:49:17', 17, 1, 40);
insert into post_votes (id, time, user_id, value, post_id) values (54, '2020-04-05 00:22:15', 29, 1, 55);
insert into post_votes (id, time, user_id, value, post_id) values (55, '2019-04-29 02:01:26', 22, -1, 1);
insert into post_votes (id, time, user_id, value, post_id) values (56, '2019-10-30 21:47:06', 1, 1, 75);
insert into post_votes (id, time, user_id, value, post_id) values (57, '2020-03-06 10:18:45', 19, 1, 70);
insert into post_votes (id, time, user_id, value, post_id) values (58, '2019-08-18 13:38:37', 11, 1, 68);
insert into post_votes (id, time, user_id, value, post_id) values (59, '2020-02-05 16:53:20', 27, 1, 68);
insert into post_votes (id, time, user_id, value, post_id) values (60, '2019-06-12 06:16:27', 6, 1, 66);
insert into post_votes (id, time, user_id, value, post_id) values (61, '2019-12-24 15:25:06', 19, 1, 55);
insert into post_votes (id, time, user_id, value, post_id) values (62, '2020-03-25 05:44:11', 24, -1, 5);
insert into post_votes (id, time, user_id, value, post_id) values (63, '2019-10-22 13:07:55', 18, -1, 63);
insert into post_votes (id, time, user_id, value, post_id) values (64, '2019-11-10 13:47:56', 23, -1, 35);
insert into post_votes (id, time, user_id, value, post_id) values (65, '2019-09-02 04:50:22', 4, -1, 4);
insert into post_votes (id, time, user_id, value, post_id) values (66, '2019-05-23 15:04:24', 28, -1, 69);
insert into post_votes (id, time, user_id, value, post_id) values (67, '2020-02-14 09:41:52', 19, 1, 25);
insert into post_votes (id, time, user_id, value, post_id) values (68, '2019-04-16 10:55:59', 26, -1, 57);
insert into post_votes (id, time, user_id, value, post_id) values (69, '2019-11-13 04:30:52', 23, 1, 64);
insert into post_votes (id, time, user_id, value, post_id) values (70, '2020-01-18 07:35:35', 27, 1, 34);
insert into post_votes (id, time, user_id, value, post_id) values (71, '2019-05-12 03:30:47', 21, 1, 14);
insert into post_votes (id, time, user_id, value, post_id) values (72, '2020-03-04 09:36:03', 1, 1, 11);
insert into post_votes (id, time, user_id, value, post_id) values (73, '2020-02-05 03:36:25', 7, 1, 7);
insert into post_votes (id, time, user_id, value, post_id) values (74, '2019-09-20 20:19:34', 29, 1, 48);
insert into post_votes (id, time, user_id, value, post_id) values (75, '2019-05-06 17:42:01', 19, -1, 13);
insert into post_votes (id, time, user_id, value, post_id) values (76, '2019-10-13 03:48:03', 20, 1, 46);
insert into post_votes (id, time, user_id, value, post_id) values (77, '2019-12-06 10:50:08', 16, -1, 53);
insert into post_votes (id, time, user_id, value, post_id) values (78, '2019-08-14 00:26:11', 11, 1, 5);
insert into post_votes (id, time, user_id, value, post_id) values (79, '2019-07-30 23:29:41', 28, 1, 8);
insert into post_votes (id, time, user_id, value, post_id) values (80, '2019-09-05 13:06:40', 12, 1, 40);
insert into post_votes (id, time, user_id, value, post_id) values (81, '2019-08-21 02:37:19', 17, 1, 36);
insert into post_votes (id, time, user_id, value, post_id) values (82, '2020-02-05 05:27:08', 6, -1, 66);
insert into post_votes (id, time, user_id, value, post_id) values (83, '2019-09-24 03:05:33', 9, 1, 29);
insert into post_votes (id, time, user_id, value, post_id) values (84, '2019-10-26 18:57:44', 19, 1, 46);
insert into post_votes (id, time, user_id, value, post_id) values (85, '2019-11-23 19:56:08', 12, -1, 28);
insert into post_votes (id, time, user_id, value, post_id) values (86, '2019-11-15 17:45:52', 3, 1, 15);
insert into post_votes (id, time, user_id, value, post_id) values (87, '2020-03-05 20:55:41', 1, -1, 59);
insert into post_votes (id, time, user_id, value, post_id) values (88, '2019-07-01 13:48:41', 30, 1, 23);
insert into post_votes (id, time, user_id, value, post_id) values (89, '2019-09-04 19:28:33', 1, -1, 20);
insert into post_votes (id, time, user_id, value, post_id) values (90, '2020-01-14 02:46:26', 28, -1, 20);
insert into post_votes (id, time, user_id, value, post_id) values (91, '2020-04-04 17:47:59', 4, -1, 8);
insert into post_votes (id, time, user_id, value, post_id) values (92, '2019-05-01 02:28:25', 8, -1, 35);
insert into post_votes (id, time, user_id, value, post_id) values (93, '2019-10-11 16:55:48', 27, -1, 76);
insert into post_votes (id, time, user_id, value, post_id) values (94, '2019-12-18 11:02:24', 2, 1, 45);
insert into post_votes (id, time, user_id, value, post_id) values (95, '2019-11-12 04:49:21', 20, -1, 39);
insert into post_votes (id, time, user_id, value, post_id) values (96, '2020-01-21 14:17:56', 29, -1, 54);
insert into post_votes (id, time, user_id, value, post_id) values (97, '2019-06-09 12:12:02', 5, -1, 1);
insert into post_votes (id, time, user_id, value, post_id) values (98, '2020-03-27 10:51:01', 21, 1, 70);
insert into post_votes (id, time, user_id, value, post_id) values (99, '2020-02-24 19:51:01', 13, -1, 58);
insert into post_votes (id, time, user_id, value, post_id) values (100, '2019-07-02 07:55:19', 16, 1, 57);
insert into post_votes (id, time, user_id, value, post_id) values (101, '2019-05-21 15:51:17', 21, 1, 65);
insert into post_votes (id, time, user_id, value, post_id) values (102, '2019-08-15 21:33:42', 10, -1, 69);
insert into post_votes (id, time, user_id, value, post_id) values (103, '2019-10-18 15:48:22', 26, 1, 35);
insert into post_votes (id, time, user_id, value, post_id) values (104, '2019-12-14 23:48:39', 6, -1, 67);
insert into post_votes (id, time, user_id, value, post_id) values (105, '2019-06-04 17:32:43', 16, 1, 56);
insert into post_votes (id, time, user_id, value, post_id) values (106, '2020-02-16 09:42:29', 24, 1, 21);
insert into post_votes (id, time, user_id, value, post_id) values (107, '2020-01-17 23:58:02', 26, 1, 45);
insert into post_votes (id, time, user_id, value, post_id) values (108, '2019-06-25 13:24:20', 3, 1, 57);
insert into post_votes (id, time, user_id, value, post_id) values (109, '2019-07-08 14:35:36', 2, 1, 12);
insert into post_votes (id, time, user_id, value, post_id) values (110, '2019-11-24 12:32:16', 8, 1, 54);
insert into post_votes (id, time, user_id, value, post_id) values (111, '2019-12-09 01:37:19', 28, -1, 23);
insert into post_votes (id, time, user_id, value, post_id) values (112, '2019-07-12 00:49:18', 9, -1, 19);
insert into post_votes (id, time, user_id, value, post_id) values (113, '2019-05-16 07:17:32', 18, -1, 49);
insert into post_votes (id, time, user_id, value, post_id) values (114, '2020-01-04 00:19:52', 11, -1, 57);
insert into post_votes (id, time, user_id, value, post_id) values (115, '2019-11-09 17:54:34', 4, 1, 20);
insert into post_votes (id, time, user_id, value, post_id) values (116, '2019-12-20 06:40:58', 5, -1, 4);
insert into post_votes (id, time, user_id, value, post_id) values (117, '2019-08-17 23:43:51', 10, -1, 26);
insert into post_votes (id, time, user_id, value, post_id) values (118, '2019-06-20 14:47:11', 3, -1, 36);
insert into post_votes (id, time, user_id, value, post_id) values (119, '2019-05-19 09:11:09', 13, 1, 68);
insert into post_votes (id, time, user_id, value, post_id) values (120, '2020-02-27 03:10:44', 20, -1, 38);
insert into post_votes (id, time, user_id, value, post_id) values (121, '2020-01-19 15:26:44', 6, 1, 51);
insert into post_votes (id, time, user_id, value, post_id) values (122, '2019-12-12 16:21:56', 7, -1, 4);
insert into post_votes (id, time, user_id, value, post_id) values (123, '2020-02-20 08:59:52', 7, -1, 15);
insert into post_votes (id, time, user_id, value, post_id) values (124, '2020-03-12 23:14:10', 15, -1, 60);
insert into post_votes (id, time, user_id, value, post_id) values (125, '2019-12-10 22:18:15', 16, 1, 23);
insert into post_votes (id, time, user_id, value, post_id) values (126, '2020-03-15 20:28:33', 13, 1, 18);
insert into post_votes (id, time, user_id, value, post_id) values (127, '2020-01-11 08:43:34', 27, 1, 46);
insert into post_votes (id, time, user_id, value, post_id) values (128, '2019-09-10 07:08:19', 20, 1, 3);
insert into post_votes (id, time, user_id, value, post_id) values (129, '2019-12-08 07:39:34', 16, -1, 62);
insert into post_votes (id, time, user_id, value, post_id) values (130, '2020-04-01 02:47:19', 3, -1, 8);
insert into post_votes (id, time, user_id, value, post_id) values (131, '2020-01-05 20:42:05', 7, 1, 34);
insert into post_votes (id, time, user_id, value, post_id) values (132, '2020-01-18 01:42:57', 1, -1, 57);
insert into post_votes (id, time, user_id, value, post_id) values (133, '2019-07-12 09:16:35', 23, -1, 20);
insert into post_votes (id, time, user_id, value, post_id) values (134, '2019-11-26 02:17:09', 27, -1, 63);
insert into post_votes (id, time, user_id, value, post_id) values (135, '2019-04-07 01:51:43', 2, 1, 19);
insert into post_votes (id, time, user_id, value, post_id) values (136, '2019-10-04 02:47:29', 5, 1, 57);
insert into post_votes (id, time, user_id, value, post_id) values (137, '2019-09-08 08:03:46', 27, -1, 54);
insert into post_votes (id, time, user_id, value, post_id) values (138, '2019-12-24 11:08:47', 11, 1, 10);
insert into post_votes (id, time, user_id, value, post_id) values (139, '2020-01-27 15:01:32', 17, -1, 66);
insert into post_votes (id, time, user_id, value, post_id) values (140, '2019-11-22 15:00:45', 8, -1, 16);
insert into post_votes (id, time, user_id, value, post_id) values (141, '2019-11-20 05:53:14', 18, 1, 46);
insert into post_votes (id, time, user_id, value, post_id) values (142, '2020-03-16 02:19:23', 12, 1, 18);
insert into post_votes (id, time, user_id, value, post_id) values (143, '2020-01-29 04:44:02', 24, -1, 58);
insert into post_votes (id, time, user_id, value, post_id) values (144, '2019-11-20 06:27:17', 22, -1, 11);
insert into post_votes (id, time, user_id, value, post_id) values (145, '2019-11-02 22:08:58', 6, 1, 76);
insert into post_votes (id, time, user_id, value, post_id) values (146, '2020-03-08 01:17:15', 3, 1, 33);
insert into post_votes (id, time, user_id, value, post_id) values (147, '2020-03-24 10:11:26', 3, 1, 20);
insert into post_votes (id, time, user_id, value, post_id) values (148, '2019-07-10 11:29:40', 25, -1, 69);
insert into post_votes (id, time, user_id, value, post_id) values (149, '2019-10-27 07:45:21', 26, -1, 2);
insert into post_votes (id, time, user_id, value, post_id) values (150, '2020-01-14 22:17:26', 3, -1, 27);
insert into post_votes (id, time, user_id, value, post_id) values (151, '2019-05-02 23:28:00', 14, -1, 14);
insert into post_votes (id, time, user_id, value, post_id) values (152, '2020-02-04 15:00:18', 29, 1, 41);
insert into post_votes (id, time, user_id, value, post_id) values (153, '2019-10-23 19:03:17', 2, 1, 18);
insert into post_votes (id, time, user_id, value, post_id) values (154, '2019-08-20 02:37:29', 27, 1, 67);
insert into post_votes (id, time, user_id, value, post_id) values (155, '2019-05-08 01:05:37', 18, 1, 66);
insert into post_votes (id, time, user_id, value, post_id) values (156, '2019-06-12 10:10:25', 13, 1, 8);
insert into post_votes (id, time, user_id, value, post_id) values (157, '2019-07-20 22:03:19', 3, 1, 65);
insert into post_votes (id, time, user_id, value, post_id) values (158, '2019-10-26 09:39:20', 23, 1, 75);
insert into post_votes (id, time, user_id, value, post_id) values (159, '2019-08-21 02:57:18', 21, -1, 71);
insert into post_votes (id, time, user_id, value, post_id) values (160, '2019-08-20 14:14:35', 3, 1, 54);
insert into post_votes (id, time, user_id, value, post_id) values (161, '2019-04-11 19:21:56', 24, -1, 69);
insert into post_votes (id, time, user_id, value, post_id) values (162, '2020-03-11 04:47:44', 23, 1, 22);
insert into post_votes (id, time, user_id, value, post_id) values (163, '2019-11-17 01:33:11', 15, -1, 32);
insert into post_votes (id, time, user_id, value, post_id) values (164, '2019-07-19 03:04:48', 17, 1, 62);
insert into post_votes (id, time, user_id, value, post_id) values (165, '2019-12-22 11:45:21', 4, -1, 33);
insert into post_votes (id, time, user_id, value, post_id) values (166, '2019-04-22 12:39:09', 8, -1, 34);
insert into post_votes (id, time, user_id, value, post_id) values (167, '2019-11-22 22:49:09', 22, 1, 72);
insert into post_votes (id, time, user_id, value, post_id) values (168, '2019-08-19 02:19:43', 25, 1, 21);
insert into post_votes (id, time, user_id, value, post_id) values (169, '2019-09-20 04:36:16', 14, 1, 64);
insert into post_votes (id, time, user_id, value, post_id) values (170, '2019-06-16 08:03:51', 6, 1, 20);
insert into post_votes (id, time, user_id, value, post_id) values (171, '2019-04-25 12:49:54', 21, 1, 27);
insert into post_votes (id, time, user_id, value, post_id) values (172, '2019-10-10 08:45:09', 30, 1, 29);
insert into post_votes (id, time, user_id, value, post_id) values (173, '2020-03-17 14:41:04', 18, -1, 7);
insert into post_votes (id, time, user_id, value, post_id) values (174, '2020-03-19 17:59:09', 22, -1, 54);
insert into post_votes (id, time, user_id, value, post_id) values (175, '2020-03-18 02:45:34', 4, 1, 8);
insert into post_votes (id, time, user_id, value, post_id) values (176, '2020-03-16 14:13:42', 29, 1, 57);
insert into post_votes (id, time, user_id, value, post_id) values (177, '2019-09-12 07:02:23', 13, 1, 16);
insert into post_votes (id, time, user_id, value, post_id) values (178, '2019-09-28 14:50:31', 23, -1, 37);
insert into post_votes (id, time, user_id, value, post_id) values (179, '2019-08-23 14:46:00', 30, -1, 55);
insert into post_votes (id, time, user_id, value, post_id) values (180, '2019-05-16 03:00:11', 19, 1, 47);
insert into post_votes (id, time, user_id, value, post_id) values (181, '2019-08-19 21:37:37', 26, -1, 27);
insert into post_votes (id, time, user_id, value, post_id) values (182, '2019-11-30 06:38:27', 3, 1, 17);
insert into post_votes (id, time, user_id, value, post_id) values (183, '2019-06-03 22:29:01', 15, 1, 28);
insert into post_votes (id, time, user_id, value, post_id) values (184, '2019-05-13 01:49:09', 2, 1, 10);
insert into post_votes (id, time, user_id, value, post_id) values (185, '2019-10-20 08:17:40', 21, 1, 14);
insert into post_votes (id, time, user_id, value, post_id) values (186, '2019-09-10 06:01:08', 8, 1, 36);
insert into post_votes (id, time, user_id, value, post_id) values (187, '2019-08-01 04:19:20', 15, -1, 74);
insert into post_votes (id, time, user_id, value, post_id) values (188, '2020-03-10 18:10:32', 13, -1, 67);
insert into post_votes (id, time, user_id, value, post_id) values (189, '2020-04-05 11:33:05', 20, 1, 32);
insert into post_votes (id, time, user_id, value, post_id) values (190, '2019-09-12 14:19:07', 8, -1, 16);
insert into post_votes (id, time, user_id, value, post_id) values (191, '2019-11-21 09:07:50', 9, 1, 72);
insert into post_votes (id, time, user_id, value, post_id) values (192, '2019-06-26 22:03:39', 24, 1, 26);
insert into post_votes (id, time, user_id, value, post_id) values (193, '2020-04-06 07:24:39', 22, -1, 8);
insert into post_votes (id, time, user_id, value, post_id) values (194, '2019-05-16 08:13:41', 5, 1, 26);
insert into post_votes (id, time, user_id, value, post_id) values (195, '2019-12-24 04:58:29', 18, 1, 28);
insert into post_votes (id, time, user_id, value, post_id) values (196, '2020-03-09 16:50:12', 23, -1, 18);
insert into post_votes (id, time, user_id, value, post_id) values (197, '2019-04-08 01:08:15', 1, -1, 1);
insert into post_votes (id, time, user_id, value, post_id) values (198, '2019-04-19 07:49:10', 23, 1, 49);
insert into post_votes (id, time, user_id, value, post_id) values (199, '2019-07-18 06:18:19', 8, -1, 42);
insert into post_votes (id, time, user_id, value, post_id) values (200, '2019-09-03 08:35:22', 23, -1, 71);
insert into post_votes (id, time, user_id, value, post_id) values (201, '2020-01-26 19:34:54', 27, 1, 9);
insert into post_votes (id, time, user_id, value, post_id) values (202, '2019-07-06 12:39:42', 3, -1, 35);
insert into post_votes (id, time, user_id, value, post_id) values (203, '2019-08-11 08:18:00', 28, 1, 53);
insert into post_votes (id, time, user_id, value, post_id) values (204, '2019-12-09 23:18:24', 7, -1, 65);
insert into post_votes (id, time, user_id, value, post_id) values (205, '2020-01-17 18:53:10', 30, 1, 62);
insert into post_votes (id, time, user_id, value, post_id) values (206, '2019-07-03 12:35:17', 5, 1, 58);
insert into post_votes (id, time, user_id, value, post_id) values (207, '2019-05-09 22:00:06', 9, 1, 40);
insert into post_votes (id, time, user_id, value, post_id) values (208, '2020-03-10 15:16:52', 11, 1, 71);
insert into post_votes (id, time, user_id, value, post_id) values (209, '2019-06-03 06:13:51', 8, -1, 22);
insert into post_votes (id, time, user_id, value, post_id) values (210, '2020-02-07 12:00:20', 9, 1, 2);
insert into post_votes (id, time, user_id, value, post_id) values (211, '2020-03-07 16:56:07', 9, 1, 63);
insert into post_votes (id, time, user_id, value, post_id) values (212, '2019-08-08 13:57:39', 2, -1, 17);
insert into post_votes (id, time, user_id, value, post_id) values (213, '2019-04-11 01:01:17', 12, 1, 20);
insert into post_votes (id, time, user_id, value, post_id) values (214, '2019-10-31 00:21:37', 19, -1, 39);
insert into post_votes (id, time, user_id, value, post_id) values (215, '2019-06-11 08:09:44', 12, 1, 51);
insert into post_votes (id, time, user_id, value, post_id) values (216, '2019-09-09 04:28:04', 16, -1, 16);
insert into post_votes (id, time, user_id, value, post_id) values (217, '2019-12-14 05:49:42', 30, 1, 73);
insert into post_votes (id, time, user_id, value, post_id) values (218, '2020-02-06 14:46:38', 8, -1, 6);
insert into post_votes (id, time, user_id, value, post_id) values (219, '2019-11-03 19:21:39', 19, 1, 50);
insert into post_votes (id, time, user_id, value, post_id) values (220, '2020-02-29 05:56:28', 28, 1, 69);
insert into post_votes (id, time, user_id, value, post_id) values (221, '2019-12-07 20:32:28', 14, -1, 15);
insert into post_votes (id, time, user_id, value, post_id) values (222, '2019-12-30 22:47:07', 16, 1, 44);
insert into post_votes (id, time, user_id, value, post_id) values (223, '2019-04-14 07:25:06', 6, 1, 5);
insert into post_votes (id, time, user_id, value, post_id) values (224, '2019-06-25 17:24:37', 9, 1, 71);
insert into post_votes (id, time, user_id, value, post_id) values (225, '2019-07-15 17:32:07', 16, -1, 65);
insert into post_votes (id, time, user_id, value, post_id) values (226, '2019-10-25 23:20:07', 18, 1, 4);
insert into post_votes (id, time, user_id, value, post_id) values (227, '2019-06-28 17:14:09', 14, 1, 38);
insert into post_votes (id, time, user_id, value, post_id) values (228, '2019-09-21 21:53:11', 30, -1, 47);
insert into post_votes (id, time, user_id, value, post_id) values (229, '2020-03-22 04:52:30', 16, 1, 4);
insert into post_votes (id, time, user_id, value, post_id) values (230, '2019-05-09 04:31:03', 13, -1, 3);
insert into post_votes (id, time, user_id, value, post_id) values (231, '2019-08-26 22:10:54', 12, 1, 73);
insert into post_votes (id, time, user_id, value, post_id) values (232, '2020-02-11 09:54:23', 1, 1, 40);
insert into post_votes (id, time, user_id, value, post_id) values (233, '2019-12-21 03:47:57', 19, 1, 6);
insert into post_votes (id, time, user_id, value, post_id) values (234, '2019-12-19 23:43:20', 4, -1, 53);
insert into post_votes (id, time, user_id, value, post_id) values (235, '2019-10-02 06:40:36', 5, 1, 26);
insert into post_votes (id, time, user_id, value, post_id) values (236, '2020-02-23 20:42:56', 6, -1, 67);
insert into post_votes (id, time, user_id, value, post_id) values (237, '2019-12-26 18:19:02', 20, -1, 38);
insert into post_votes (id, time, user_id, value, post_id) values (238, '2019-12-18 17:20:57', 21, 1, 26);
insert into post_votes (id, time, user_id, value, post_id) values (239, '2019-10-14 02:55:31', 10, 1, 35);
insert into post_votes (id, time, user_id, value, post_id) values (240, '2019-04-27 06:25:40', 4, -1, 75);
insert into post_votes (id, time, user_id, value, post_id) values (241, '2019-12-11 09:08:36', 6, -1, 39);
insert into post_votes (id, time, user_id, value, post_id) values (242, '2019-05-05 19:29:01', 4, 1, 45);
insert into post_votes (id, time, user_id, value, post_id) values (243, '2019-12-29 22:50:06', 28, 1, 31);
insert into post_votes (id, time, user_id, value, post_id) values (244, '2019-11-18 01:07:44', 13, -1, 42);
insert into post_votes (id, time, user_id, value, post_id) values (245, '2019-12-03 05:53:28', 28, -1, 43);
insert into post_votes (id, time, user_id, value, post_id) values (246, '2019-08-09 07:46:06', 25, -1, 66);
insert into post_votes (id, time, user_id, value, post_id) values (247, '2019-12-02 10:07:39', 4, -1, 29);
insert into post_votes (id, time, user_id, value, post_id) values (248, '2019-05-08 18:57:54', 12, -1, 39);
insert into post_votes (id, time, user_id, value, post_id) values (249, '2019-08-22 04:48:38', 11, 1, 73);
insert into post_votes (id, time, user_id, value, post_id) values (250, '2019-04-09 03:06:07', 26, -1, 12);
insert into post_votes (id, time, user_id, value, post_id) values (251, '2019-09-01 01:31:56', 16, 1, 24);
insert into post_votes (id, time, user_id, value, post_id) values (252, '2019-04-13 00:43:54', 20, 1, 49);
insert into post_votes (id, time, user_id, value, post_id) values (253, '2019-07-06 16:35:27', 24, 1, 70);
insert into post_votes (id, time, user_id, value, post_id) values (254, '2020-04-02 03:41:14', 5, 1, 9);
insert into post_votes (id, time, user_id, value, post_id) values (255, '2019-11-28 11:55:26', 6, -1, 54);
insert into post_votes (id, time, user_id, value, post_id) values (256, '2019-06-28 06:25:50', 26, 1, 55);
insert into post_votes (id, time, user_id, value, post_id) values (257, '2020-03-15 00:54:03', 8, -1, 38);
insert into post_votes (id, time, user_id, value, post_id) values (258, '2019-12-20 03:25:06', 27, 1, 56);
insert into post_votes (id, time, user_id, value, post_id) values (259, '2019-05-02 00:29:49', 13, 1, 35);
insert into post_votes (id, time, user_id, value, post_id) values (260, '2019-08-07 13:54:21', 5, 1, 9);
insert into post_votes (id, time, user_id, value, post_id) values (261, '2020-01-01 23:12:07', 17, 1, 25);
insert into post_votes (id, time, user_id, value, post_id) values (262, '2019-12-08 16:12:45', 30, 1, 63);
insert into post_votes (id, time, user_id, value, post_id) values (263, '2019-06-02 07:50:01', 22, 1, 1);
insert into post_votes (id, time, user_id, value, post_id) values (264, '2019-06-28 02:41:28', 3, 1, 28);
insert into post_votes (id, time, user_id, value, post_id) values (265, '2019-09-07 22:28:51', 4, -1, 68);
insert into post_votes (id, time, user_id, value, post_id) values (266, '2019-09-01 11:44:05', 16, -1, 7);
insert into post_votes (id, time, user_id, value, post_id) values (267, '2020-01-13 12:14:57', 30, -1, 26);
insert into post_votes (id, time, user_id, value, post_id) values (268, '2020-02-15 06:29:06', 27, 1, 72);
insert into post_votes (id, time, user_id, value, post_id) values (269, '2019-08-17 22:02:17', 8, 1, 12);
insert into post_votes (id, time, user_id, value, post_id) values (270, '2019-05-04 06:12:41', 29, 1, 37);
insert into post_votes (id, time, user_id, value, post_id) values (271, '2019-09-15 14:26:16', 20, 1, 7);
insert into post_votes (id, time, user_id, value, post_id) values (272, '2019-11-19 07:01:35', 27, 1, 15);
insert into post_votes (id, time, user_id, value, post_id) values (273, '2019-07-26 20:09:42', 25, 1, 3);
insert into post_votes (id, time, user_id, value, post_id) values (274, '2020-02-01 22:22:57', 17, 1, 30);
insert into post_votes (id, time, user_id, value, post_id) values (275, '2019-07-14 12:58:52', 25, 1, 30);
insert into post_votes (id, time, user_id, value, post_id) values (276, '2019-05-22 15:24:32', 15, -1, 37);
insert into post_votes (id, time, user_id, value, post_id) values (277, '2019-10-06 06:47:11', 20, -1, 31);
insert into post_votes (id, time, user_id, value, post_id) values (278, '2020-01-07 05:17:15', 7, -1, 36);
insert into post_votes (id, time, user_id, value, post_id) values (279, '2019-08-29 14:01:57', 12, 1, 53);
insert into post_votes (id, time, user_id, value, post_id) values (280, '2019-09-13 05:23:24', 19, 1, 63);
insert into post_votes (id, time, user_id, value, post_id) values (281, '2019-05-31 03:47:51', 28, 1, 17);
insert into post_votes (id, time, user_id, value, post_id) values (282, '2019-09-01 14:00:41', 19, 1, 22);
insert into post_votes (id, time, user_id, value, post_id) values (283, '2019-10-06 10:05:35', 21, -1, 19);
insert into post_votes (id, time, user_id, value, post_id) values (284, '2019-06-14 01:27:44', 25, -1, 3);
insert into post_votes (id, time, user_id, value, post_id) values (285, '2019-11-17 06:54:01', 26, 1, 44);
insert into post_votes (id, time, user_id, value, post_id) values (286, '2020-01-04 10:16:53', 29, -1, 73);
insert into post_votes (id, time, user_id, value, post_id) values (287, '2020-01-31 08:51:46', 11, 1, 47);
insert into post_votes (id, time, user_id, value, post_id) values (288, '2019-11-28 00:49:10', 22, 1, 10);
insert into post_votes (id, time, user_id, value, post_id) values (289, '2020-02-15 14:33:36', 13, 1, 41);
insert into post_votes (id, time, user_id, value, post_id) values (290, '2020-02-10 03:30:13', 7, -1, 72);
insert into post_votes (id, time, user_id, value, post_id) values (291, '2019-05-06 12:11:45', 1, 1, 14);
insert into post_votes (id, time, user_id, value, post_id) values (292, '2019-12-17 15:07:22', 22, -1, 27);
insert into post_votes (id, time, user_id, value, post_id) values (293, '2019-10-16 12:08:05', 4, 1, 27);
insert into post_votes (id, time, user_id, value, post_id) values (294, '2020-04-03 09:33:00', 12, 1, 6);
insert into post_votes (id, time, user_id, value, post_id) values (295, '2019-09-11 08:20:00', 7, 1, 62);
insert into post_votes (id, time, user_id, value, post_id) values (296, '2019-11-04 10:24:35', 20, 1, 68);
insert into post_votes (id, time, user_id, value, post_id) values (297, '2020-03-31 18:45:13', 21, -1, 35);
insert into post_votes (id, time, user_id, value, post_id) values (298, '2020-02-16 12:19:36', 11, -1, 53);
insert into post_votes (id, time, user_id, value, post_id) values (299, '2019-05-27 15:56:14', 19, -1, 40);
insert into post_votes (id, time, user_id, value, post_id) values (300, '2019-04-17 12:57:08', 14, 1, 55);
insert into post_votes (id, time, user_id, value, post_id) values (301, '2020-03-07 16:37:48', 26, -1, 52);
insert into post_votes (id, time, user_id, value, post_id) values (302, '2019-12-14 05:50:44', 24, 1, 57);
insert into post_votes (id, time, user_id, value, post_id) values (303, '2020-03-23 03:11:31', 16, 1, 8);
insert into post_votes (id, time, user_id, value, post_id) values (304, '2019-12-27 03:21:53', 27, 1, 30);
insert into post_votes (id, time, user_id, value, post_id) values (305, '2020-03-31 00:21:31', 15, 1, 64);
insert into post_votes (id, time, user_id, value, post_id) values (306, '2019-06-04 06:36:36', 11, -1, 18);
insert into post_votes (id, time, user_id, value, post_id) values (307, '2020-04-06 17:42:27', 10, 1, 72);
insert into post_votes (id, time, user_id, value, post_id) values (308, '2020-03-27 11:55:46', 10, 1, 68);
insert into post_votes (id, time, user_id, value, post_id) values (309, '2019-06-27 02:24:50', 7, 1, 6);
insert into post_votes (id, time, user_id, value, post_id) values (310, '2019-12-27 18:04:48', 20, -1, 13);
insert into post_votes (id, time, user_id, value, post_id) values (311, '2019-09-09 18:12:26', 4, 1, 30);
insert into post_votes (id, time, user_id, value, post_id) values (312, '2019-08-27 15:14:11', 2, -1, 75);
insert into post_votes (id, time, user_id, value, post_id) values (313, '2019-04-29 05:03:40', 5, 1, 73);
insert into post_votes (id, time, user_id, value, post_id) values (314, '2020-01-02 22:41:38', 20, 1, 66);
insert into post_votes (id, time, user_id, value, post_id) values (315, '2020-03-23 22:16:06', 22, -1, 7);
insert into post_votes (id, time, user_id, value, post_id) values (316, '2019-07-07 09:02:27', 24, 1, 13);
insert into post_votes (id, time, user_id, value, post_id) values (317, '2019-10-22 16:29:52', 6, 1, 56);
insert into post_votes (id, time, user_id, value, post_id) values (318, '2019-07-22 21:54:49', 4, -1, 57);
insert into post_votes (id, time, user_id, value, post_id) values (319, '2019-08-18 19:41:23', 20, -1, 15);
insert into post_votes (id, time, user_id, value, post_id) values (320, '2019-12-26 08:34:59', 15, 1, 71);
insert into post_votes (id, time, user_id, value, post_id) values (321, '2019-05-24 17:28:37', 18, 1, 40);
insert into post_votes (id, time, user_id, value, post_id) values (322, '2019-06-04 09:38:03', 2, -1, 67);
insert into post_votes (id, time, user_id, value, post_id) values (323, '2020-01-17 21:08:56', 30, 1, 36);
insert into post_votes (id, time, user_id, value, post_id) values (324, '2020-02-16 11:02:39', 16, 1, 71);
insert into post_votes (id, time, user_id, value, post_id) values (325, '2019-11-04 17:13:24', 23, 1, 74);
insert into post_votes (id, time, user_id, value, post_id) values (326, '2019-04-20 22:04:09', 11, 1, 44);
insert into post_votes (id, time, user_id, value, post_id) values (327, '2020-01-01 16:07:00', 16, 1, 35);
insert into post_votes (id, time, user_id, value, post_id) values (328, '2019-04-17 13:46:07', 4, -1, 58);
insert into post_votes (id, time, user_id, value, post_id) values (329, '2019-08-08 10:36:08', 23, 1, 15);
insert into post_votes (id, time, user_id, value, post_id) values (330, '2019-04-12 17:43:25', 23, 1, 5);
insert into post_votes (id, time, user_id, value, post_id) values (331, '2020-02-27 23:07:59', 15, -1, 68);
insert into post_votes (id, time, user_id, value, post_id) values (332, '2020-03-22 17:38:49', 1, 1, 74);
insert into post_votes (id, time, user_id, value, post_id) values (333, '2020-02-28 00:44:10', 18, 1, 50);
insert into post_votes (id, time, user_id, value, post_id) values (334, '2019-12-17 13:16:53', 8, -1, 50);
insert into post_votes (id, time, user_id, value, post_id) values (335, '2019-10-13 08:53:49', 8, 1, 43);
insert into post_votes (id, time, user_id, value, post_id) values (336, '2020-03-08 11:46:11', 23, -1, 58);
insert into post_votes (id, time, user_id, value, post_id) values (337, '2020-03-25 01:49:54', 11, 1, 5);
insert into post_votes (id, time, user_id, value, post_id) values (338, '2019-11-27 02:12:19', 19, 1, 68);
insert into post_votes (id, time, user_id, value, post_id) values (339, '2019-09-20 02:25:21', 4, 1, 1);
insert into post_votes (id, time, user_id, value, post_id) values (340, '2019-11-16 05:11:45', 11, 1, 57);
insert into post_votes (id, time, user_id, value, post_id) values (341, '2019-12-09 15:54:46', 20, 1, 50);
insert into post_votes (id, time, user_id, value, post_id) values (342, '2020-02-26 12:09:05', 25, -1, 26);
insert into post_votes (id, time, user_id, value, post_id) values (343, '2019-10-15 14:55:08', 16, 1, 16);
insert into post_votes (id, time, user_id, value, post_id) values (344, '2019-05-05 15:03:06', 4, -1, 20);
insert into post_votes (id, time, user_id, value, post_id) values (345, '2019-11-30 01:22:25', 21, 1, 19);
insert into post_votes (id, time, user_id, value, post_id) values (346, '2019-12-31 17:43:29', 18, 1, 38);
insert into post_votes (id, time, user_id, value, post_id) values (347, '2020-02-18 07:30:41', 20, 1, 46);
insert into post_votes (id, time, user_id, value, post_id) values (348, '2019-11-08 04:16:24', 5, -1, 22);
insert into post_votes (id, time, user_id, value, post_id) values (349, '2019-08-31 09:41:16', 13, 1, 17);
insert into post_votes (id, time, user_id, value, post_id) values (350, '2019-06-30 13:09:59', 2, -1, 1);
insert into post_votes (id, time, user_id, value, post_id) values (351, '2019-10-09 03:41:07', 29, 1, 58);
insert into post_votes (id, time, user_id, value, post_id) values (352, '2019-12-27 17:39:06', 2, 1, 10);
insert into post_votes (id, time, user_id, value, post_id) values (353, '2019-08-30 13:33:29', 24, 1, 4);
insert into post_votes (id, time, user_id, value, post_id) values (354, '2019-12-17 09:07:11', 16, 1, 35);
insert into post_votes (id, time, user_id, value, post_id) values (355, '2019-12-11 19:47:08', 27, -1, 76);
insert into post_votes (id, time, user_id, value, post_id) values (356, '2019-04-19 13:32:15', 4, 1, 37);

--INSERT tag
insert into tags (id, name) values (1, 'tristique');
insert into tags (id, name) values (2, 'ipsum');
insert into tags (id, name) values (3, 'quam');
insert into tags (id, name) values (4, 'consequat');
insert into tags (id, name) values (5, 'sodales');
insert into tags (id, name) values (6, 'ultrices');
insert into tags (id, name) values (7, 'mauris');
insert into tags (id, name) values (8, 'et');
insert into tags (id, name) values (9, 'et');
insert into tags (id, name) values (10, 'ornare');
insert into tags (id, name) values (11, 'vivamus');
insert into tags (id, name) values (12, 'aliquam');
insert into tags (id, name) values (13, 'rutrum');
insert into tags (id, name) values (14, 'integer');
insert into tags (id, name) values (15, 'donec');
insert into tags (id, name) values (16, 'dapibus');
insert into tags (id, name) values (17, 'odio');
insert into tags (id, name) values (18, 'sed');
insert into tags (id, name) values (19, 'aliquet');
insert into tags (id, name) values (20, 'in');

--INSERT tag2post
insert into tag2post (id, post_id, tag_id) values (1, 14, 10);
insert into tag2post (id, post_id, tag_id) values (2, 74, 14);
insert into tag2post (id, post_id, tag_id) values (3, 17, 16);
insert into tag2post (id, post_id, tag_id) values (4, 4, 3);
insert into tag2post (id, post_id, tag_id) values (5, 58, 18);
insert into tag2post (id, post_id, tag_id) values (6, 76, 18);
insert into tag2post (id, post_id, tag_id) values (7, 52, 6);
insert into tag2post (id, post_id, tag_id) values (8, 8, 12);
insert into tag2post (id, post_id, tag_id) values (9, 17, 19);
insert into tag2post (id, post_id, tag_id) values (10, 40, 1);
insert into tag2post (id, post_id, tag_id) values (11, 62, 10);
insert into tag2post (id, post_id, tag_id) values (12, 2, 3);
insert into tag2post (id, post_id, tag_id) values (13, 23, 1);
insert into tag2post (id, post_id, tag_id) values (14, 53, 4);
insert into tag2post (id, post_id, tag_id) values (15, 20, 9);
insert into tag2post (id, post_id, tag_id) values (16, 47, 17);
insert into tag2post (id, post_id, tag_id) values (17, 50, 7);
insert into tag2post (id, post_id, tag_id) values (18, 57, 13);
insert into tag2post (id, post_id, tag_id) values (19, 55, 6);
insert into tag2post (id, post_id, tag_id) values (20, 51, 11);
insert into tag2post (id, post_id, tag_id) values (21, 2, 13);
insert into tag2post (id, post_id, tag_id) values (22, 74, 10);
insert into tag2post (id, post_id, tag_id) values (23, 26, 4);
insert into tag2post (id, post_id, tag_id) values (24, 31, 2);
insert into tag2post (id, post_id, tag_id) values (25, 54, 2);
insert into tag2post (id, post_id, tag_id) values (26, 55, 4);
insert into tag2post (id, post_id, tag_id) values (27, 33, 19);
insert into tag2post (id, post_id, tag_id) values (28, 29, 1);
insert into tag2post (id, post_id, tag_id) values (29, 18, 7);
insert into tag2post (id, post_id, tag_id) values (30, 24, 14);
insert into tag2post (id, post_id, tag_id) values (31, 14, 18);
insert into tag2post (id, post_id, tag_id) values (32, 70, 12);
insert into tag2post (id, post_id, tag_id) values (33, 70, 1);
insert into tag2post (id, post_id, tag_id) values (34, 37, 10);
insert into tag2post (id, post_id, tag_id) values (35, 67, 13);
insert into tag2post (id, post_id, tag_id) values (36, 9, 1);
insert into tag2post (id, post_id, tag_id) values (37, 5, 9);
insert into tag2post (id, post_id, tag_id) values (38, 30, 4);
insert into tag2post (id, post_id, tag_id) values (39, 3, 16);
insert into tag2post (id, post_id, tag_id) values (40, 33, 9);
insert into tag2post (id, post_id, tag_id) values (41, 43, 20);
insert into tag2post (id, post_id, tag_id) values (42, 4, 7);
insert into tag2post (id, post_id, tag_id) values (43, 9, 2);
insert into tag2post (id, post_id, tag_id) values (44, 60, 11);
insert into tag2post (id, post_id, tag_id) values (45, 52, 14);
insert into tag2post (id, post_id, tag_id) values (46, 67, 5);
insert into tag2post (id, post_id, tag_id) values (47, 70, 15);
insert into tag2post (id, post_id, tag_id) values (48, 72, 19);
insert into tag2post (id, post_id, tag_id) values (49, 43, 8);
insert into tag2post (id, post_id, tag_id) values (50, 29, 18);
insert into tag2post (id, post_id, tag_id) values (51, 60, 6);

